Workbook

Sheet Constants
A1: Constant | B1: Value | C1: Formula / Source | D1: Role
A2: R | B2: 12 | C2: declared constant | D2: radix/native route constant
A3: D | B3: 3 | C3: declared constant | D3: dimension/closure depth constant
A4: alpha_H | B4: 2 | C4: declared constant | D4: hidden-source bigrade generator
A5: split | B5: =2^B3 -> 8 | C5: =2^D | D5: carrier split
A6: native_capacity | B6: =B2^2*(1-1/B5) -> 126 | C6: =R^2*(1-2^-D) | D6: element row bound
A7: proton_qA | B7: =145/2 -> 72.5 | C7: =145/2 | D7: component write support
A8: electron_qA | B8: =145/96 -> 1.5104167 | C8: =145/96 | D8: component write support
A9: neutron_qA | B9: =1/8 -> 0.125 | C9: =1/8 | D9: component write support
A10: charged_pair_qA | B10: =B7+B8 -> 74.010417 | C10: =proton_qA+electron_qA | D10: per-Z charged support
A11: kappa_floor | B11: =(B7+B8+B9)/B5 -> 9.2669271 | C11: =(p+e+n)/split | D11: floor kappa
A12: neutron_G_unit | B12: =B9/B5 -> 0.015625 | C12: =neutron_qA/split | D12: neutron excess G unit
A13: R_div_D | B13: =B2/B3 -> 4 | C13: =R/D | D13: shell path middle term

Sheet Shells
A1: shell_period | B1: n | C1: capacity | D1: start_Z | E1: end_Z | F1: n_formula
A2: 1 | B2: =1 -> 1 | C2: =2*B2^2 -> 2 | D2: =1 -> 1 | E2: =SUM($C$2:C2) -> 2 | F2: =1
A3: 2 | B3: =Constants!$B$4 -> 2 | C3: =2*B3^2 -> 8 | D3: =E2+1 -> 3 | E3: =SUM($C$2:C3) -> 10 | F3: =Constants!$B$4
A4: 3 | B4: =Constants!$B$3 -> 3 | C4: =2*B4^2 -> 18 | D4: =E3+1 -> 11 | E4: =SUM($C$2:C4) -> 28 | F4: =Constants!$B$3
A5: 4 | B5: =Constants!$B$2/Constants!$B$3 -> 4 | C5: =2*B5^2 -> 32 | D5: =E4+1 -> 29 | E5: =SUM($C$2:C5) -> 60 | F5: =Constants!$B$2/Constants!$B$3
A6: 5 | B6: =Constants!$B$2/Constants!$B$3 -> 4 | C6: =2*B6^2 -> 32 | D6: =E5+1 -> 61 | E6: =SUM($C$2:C6) -> 92 | F6: =Constants!$B$2/Constants!$B$3
A7: 6 | B7: =Constants!$B$3 -> 3 | C7: =2*B7^2 -> 18 | D7: =E6+1 -> 93 | E7: =SUM($C$2:C7) -> 110 | F7: =Constants!$B$3
A8: 7 | B8: =Constants!$B$4 -> 2 | C8: =2*B8^2 -> 8 | D8: =E7+1 -> 111 | E8: =SUM($C$2:C8) -> 118 | F8: =Constants!$B$4
A9: 8 | B9: =Constants!$B$4 -> 2 | C9: =2*B9^2 -> 8 | D9: =E8+1 -> 119 | E9: =SUM($C$2:C9) -> 126 | F9: =Constants!$B$4

Sheet Elements_126
A1: element_id | B1: Z | C1: radix_cycle | D1: radix_slot | E1: selected_depth | F1: delta_n | G1: residual_twelfths | H1: N | I1: A | J1: proton_count | K1: neutron_count | L1: electron_count | M1: total_particle_count | N1: quark_u_count | O1: quark_d_count | P1: quark_e_count | Q1: P_address | R1: quark_address | S1: shell_period | T1: shell_n | U1: shell_capacity | V1: shell_occupancy | W1: shell_status | X1: kappa_floor | Y1: neutron_excess | Z1: G(P) | AA1: GR(P) | AB1: retained_7G | AC1: surface_status | AD1: native_lane | AE1: known_symbol | AF1: known_name | AG1: reference_clock | AH1: card_source
A2: ="E"&TEXT(B2,"000") -> E001 | B2: =ROW()-1 -> 1 | C2: =INT((B2-1)/Constants!$B$2)+1 -> 1 | D2: =MOD(B2-1,Constants!$B$2)+1 -> 1 | E2: =MAX(0,C2-1) -> 0 | F2: =INT(B2*E2/Constants!$B$2) -> 0 | G2: =MOD(B2*E2,Constants!$B$2) -> 0 | H2: =B2+F2 -> 1 | I2: =B2+H2 -> 2 | J2: =B2 -> 1 | K2: =H2 -> 1 | L2: =B2 -> 1 | M2: =J2+K2+L2 -> 3 | N2: =2*B2+H2 -> 3 | O2: =B2+2*H2 -> 3 | P2: =B2 -> 1 | Q2: =B2&"p+"&H2&"n+"&B2&"e" -> 1p+1n+1e | R2: =N2&"u+"&O2&"d+"&P2&"e" -> 3u+3d+1e | S2: =COUNTIF(Shells!$E$2:$E$9,"<"&B2)+1 -> 1 | T2: =INDEX(Shells!$B$2:$B$9,S2) -> 1 | U2: =INDEX(Shells!$C$2:$C$9,S2) -> 2 | V2: =B2-IF(S2=1,0,INDEX(Shells!$E$2:$E$9,S2-1)) -> 1 | W2: =IF(V2=U2,"CLOSED_SHELL","OPEN_SHELL") -> OPEN_SHELL | X2: =Constants!$B$11 -> 9.2669271 | Y2: =H2-B2 -> 0 | Z2: =B2*Constants!$B$11+Y2*Constants!$B$12 -> 9.2669271 | AA2: =Z2*Constants!$B$5 -> 74.135417 | AB2: =Z2*7 -> 64.86849 | AC2: =IF(B2>Constants!$B$6-Constants!$B$5,"CONSTANT_FRONTIER_TAIL_Z119_Z126","CONSTANT_NATIVE_SURFACE_Z001_Z118") -> CONSTANT_NATIVE_SURFACE_Z001_Z118 | AD2: =IF(B2>Constants!$B$6-Constants!$B$5,"CONSTANT_FRONTIER_TAIL_CANDIDATE",IF(G2=0,"CONSTANT_STABLE_ANCHOR_LANE",IF(G2=Constants!$B$2/2,"CONSTANT_HALF_WRITE_LANE","CONSTANT_BOUND_LADDER_LANE"))) -> CONSTANT_STABLE_ANCHOR_LANE
A3: ="E"&TEXT(B3,"000") -> E002 | B3: =ROW()-1 -> 2 | C3: =INT((B3-1)/Constants!$B$2)+1 -> 1 | D3: =MOD(B3-1,Constants!$B$2)+1 -> 2 | E3: =MAX(0,C3-1) -> 0 | F3: =INT(B3*E3/Constants!$B$2) -> 0 | G3: =MOD(B3*E3,Constants!$B$2) -> 0 | H3: =B3+F3 -> 2 | I3: =B3+H3 -> 4 | J3: =B3 -> 2 | K3: =H3 -> 2 | L3: =B3 -> 2 | M3: =J3+K3+L3 -> 6 | N3: =2*B3+H3 -> 6 | O3: =B3+2*H3 -> 6 | P3: =B3 -> 2 | Q3: =B3&"p+"&H3&"n+"&B3&"e" -> 2p+2n+2e | R3: =N3&"u+"&O3&"d+"&P3&"e" -> 6u+6d+2e | S3: =COUNTIF(Shells!$E$2:$E$9,"<"&B3)+1 -> 1 | T3: =INDEX(Shells!$B$2:$B$9,S3) -> 1 | U3: =INDEX(Shells!$C$2:$C$9,S3) -> 2 | V3: =B3-IF(S3=1,0,INDEX(Shells!$E$2:$E$9,S3-1)) -> 2 | W3: =IF(V3=U3,"CLOSED_SHELL","OPEN_SHELL") -> CLOSED_SHELL | X3: =Constants!$B$11 -> 9.2669271 | Y3: =H3-B3 -> 0 | Z3: =B3*Constants!$B$11+Y3*Constants!$B$12 -> 18.533854 | AA3: =Z3*Constants!$B$5 -> 148.27083 | AB3: =Z3*7 -> 129.73698 | AC3: =IF(B3>Constants!$B$6-Constants!$B$5,"CONSTANT_FRONTIER_TAIL_Z119_Z126","CONSTANT_NATIVE_SURFACE_Z001_Z118") -> CONSTANT_NATIVE_SURFACE_Z001_Z118 | AD3: =IF(B3>Constants!$B$6-Constants!$B$5,"CONSTANT_FRONTIER_TAIL_CANDIDATE",IF(G3=0,"CONSTANT_STABLE_ANCHOR_LANE",IF(G3=Constants!$B$2/2,"CONSTANT_HALF_WRITE_LANE","CONSTANT_BOUND_LADDER_LANE"))) -> CONSTANT_STABLE_ANCHOR_LANE
A4: ="E"&TEXT(B4,"000") -> E003 | B4: =ROW()-1 -> 3 | C4: =INT((B4-1)/Constants!$B$2)+1 -> 1 | D4: =MOD(B4-1,Constants!$B$2)+1 -> 3 | E4: =MAX(0,C4-1) -> 0 | F4: =INT(B4*E4/Constants!$B$2) -> 0 | G4: =MOD(B4*E4,Constants!$B$2) -> 0 | H4: =B4+F4 -> 3 | I4: =B4+H4 -> 6 | J4: =B4 -> 3 | K4: =H4 -> 3 | L4: =B4 -> 3 | M4: =J4+K4+L4 -> 9 | N4: =2*B4+H4 -> 9 | O4: =B4+2*H4 -> 9 | P4: =B4 -> 3 | Q4: =B4&"p+"&H4&"n+"&B4&"e" -> 3p+3n+3e | R4: =N4&"u+"&O4&"d+"&P4&"e" -> 9u+9d+3e | S4: =COUNTIF(Shells!$E$2:$E$9,"<"&B4)+1 -> 2 | T4: =INDEX(Shells!$B$2:$B$9,S4) -> 2 | U4: =INDEX(Shells!$C$2:$C$9,S4) -> 8 | V4: =B4-IF(S4=1,0,INDEX(Shells!$E$2:$E$9,S4-1)) -> 1 | W4: =IF(V4=U4,"CLOSED_SHELL","OPEN_SHELL") -> OPEN_SHELL | X4: =Constants!$B$11 -> 9.2669271 | Y4: =H4-B4 -> 0 | Z4: =B4*Constants!$B$11+Y4*Constants!$B$12 -> 27.800781 | AA4: =Z4*Constants!$B$5 -> 222.40625 | AB4: =Z4*7 -> 194.60547 | AC4: =IF(B4>Constants!$B$6-Constants!$B$5,"CONSTANT_FRONTIER_TAIL_Z119_Z126","CONSTANT_NATIVE_SURFACE_Z001_Z118") -> CONSTANT_NATIVE_SURFACE_Z001_Z118 | AD4: =IF(B4>Constants!$B$6-Constants!$B$5,"CONSTANT_FRONTIER_TAIL_CANDIDATE",IF(G4=0,"CONSTANT_STABLE_ANCHOR_LANE",IF(G4=Constants!$B$2/2,"CONSTANT_HALF_WRITE_LANE","CONSTANT_BOUND_LADDER_LANE"))) -> CONSTANT_STABLE_ANCHOR_LANE
A5: ="E"&TEXT(B5,"000") -> E004 | B5: =ROW()-1 -> 4 | C5: =INT((B5-1)/Constants!$B$2)+1 -> 1 | D5: =MOD(B5-1,Constants!$B$2)+1 -> 4 | E5: =MAX(0,C5-1) -> 0 | F5: =INT(B5*E5/Constants!$B$2) -> 0 | G5: =MOD(B5*E5,Constants!$B$2) -> 0 | H5: =B5+F5 -> 4 | I5: =B5+H5 -> 8 | J5: =B5 -> 4 | K5: =H5 -> 4 | L5: =B5 -> 4 | M5: =J5+K5+L5 -> 12 | N5: =2*B5+H5 -> 12 | O5: =B5+2*H5 -> 12 | P5: =B5 -> 4 | Q5: =B5&"p+"&H5&"n+"&B5&"e" -> 4p+4n+4e | R5: =N5&"u+"&O5&"d+"&P5&"e" -> 12u+12d+4e | S5: =COUNTIF(Shells!$E$2:$E$9,"<"&B5)+1 -> 2 | T5: =INDEX(Shells!$B$2:$B$9,S5) -> 2 | U5: =INDEX(Shells!$C$2:$C$9,S5) -> 8 | V5: =B5-IF(S5=1,0,INDEX(Shells!$E$2:$E$9,S5-1)) -> 2 | W5: =IF(V5=U5,"CLOSED_SHELL","OPEN_SHELL") -> OPEN_SHELL | X5: =Constants!$B$11 -> 9.2669271 | Y5: =H5-B5 -> 0 | Z5: =B5*Constants!$B$11+Y5*Constants!$B$12 -> 37.067708 | AA5: =Z5*Constants!$B$5 -> 296.54167 | AB5: =Z5*7 -> 259.47396 | AC5: =IF(B5>Constants!$B$6-Constants!$B$5,"CONSTANT_FRONTIER_TAIL_Z119_Z126","CONSTANT_NATIVE_SURFACE_Z001_Z118") -> CONSTANT_NATIVE_SURFACE_Z001_Z118 | AD5: =IF(B5>Constants!$B$6-Constants!$B$5,"CONSTANT_FRONTIER_TAIL_CANDIDATE",IF(G5=0,"CONSTANT_STABLE_ANCHOR_LANE",IF(G5=Constants!$B$2/2,"CONSTANT_HALF_WRITE_LANE","CONSTANT_BOUND_LADDER_LANE"))) -> CONSTANT_STABLE_ANCHOR_LANE
A6: ="E"&TEXT(B6,"000") -> E005 | B6: =ROW()-1 -> 5 | C6: =INT((B6-1)/Constants!$B$2)+1 -> 1 | D6: =MOD(B6-1,Constants!$B$2)+1 -> 5 | E6: =MAX(0,C6-1) -> 0 | F6: =INT(B6*E6/Constants!$B$2) -> 0 | G6: =MOD(B6*E6,Constants!$B$2) -> 0 | H6: =B6+F6 -> 5 | I6: =B6+H6 -> 10 | J6: =B6 -> 5 | K6: =H6 -> 5 | L6: =B6 -> 5 | M6: =J6+K6+L6 -> 15 | N6: =2*B6+H6 -> 15 | O6: =B6+2*H6 -> 15 | P6: =B6 -> 5 | Q6: =B6&"p+"&H6&"n+"&B6&"e" -> 5p+5n+5e | R6: =N6&"u+"&O6&"d+"&P6&"e" -> 15u+15d+5e | S6: =COUNTIF(Shells!$E$2:$E$9,"<"&B6)+1 -> 2 | T6: =INDEX(Shells!$B$2:$B$9,S6) -> 2 | U6: =INDEX(Shells!$C$2:$C$9,S6) -> 8 | V6: =B6-IF(S6=1,0,INDEX(Shells!$E$2:$E$9,S6-1)) -> 3 | W6: =IF(V6=U6,"CLOSED_SHELL","OPEN_SHELL") -> OPEN_SHELL | X6: =Constants!$B$11 -> 9.2669271 | Y6: =H6-B6 -> 0 | Z6: =B6*Constants!$B$11+Y6*Constants!$B$12 -> 46.334635 | AA6: =Z6*Constants!$B$5 -> 370.67708 | AB6: =Z6*7 -> 324.34245 | AC6: =IF(B6>Constants!$B$6-Constants!$B$5,"CONSTANT_FRONTIER_TAIL_Z119_Z126","CONSTANT_NATIVE_SURFACE_Z001_Z118") -> CONSTANT_NATIVE_SURFACE_Z001_Z118 | AD6: =IF(B6>Constants!$B$6-Constants!$B$5,"CONSTANT_FRONTIER_TAIL_CANDIDATE",IF(G6=0,"CONSTANT_STABLE_ANCHOR_LANE",IF(G6=Constants!$B$2/2,"CONSTANT_HALF_WRITE_LANE","CONSTANT_BOUND_LADDER_LANE"))) -> CONSTANT_STABLE_ANCHOR_LANE
A7: ="E"&TEXT(B7,"000") -> E006 | B7: =ROW()-1 -> 6 | C7: =INT((B7-1)/Constants!$B$2)+1 -> 1 | D7: =MOD(B7-1,Constants!$B$2)+1 -> 6 | E7: =MAX(0,C7-1) -> 0 | F7: =INT(B7*E7/Constants!$B$2) -> 0 | G7: =MOD(B7*E7,Constants!$B$2) -> 0 | H7: =B7+F7 -> 6 | I7: =B7+H7 -> 12 | J7: =B7 -> 6 | K7: =H7 -> 6 | L7: =B7 -> 6 | M7: =J7+K7+L7 -> 18 | N7: =2*B7+H7 -> 18 | O7: =B7+2*H7 -> 18 | P7: =B7 -> 6 | Q7: =B7&"p+"&H7&"n+"&B7&"e" -> 6p+6n+6e | R7: =N7&"u+"&O7&"d+"&P7&"e" -> 18u+18d+6e | S7: =COUNTIF(Shells!$E$2:$E$9,"<"&B7)+1 -> 2 | T7: =INDEX(Shells!$B$2:$B$9,S7) -> 2 | U7: =INDEX(Shells!$C$2:$C$9,S7) -> 8 | V7: =B7-IF(S7=1,0,INDEX(Shells!$E$2:$E$9,S7-1)) -> 4 | W7: =IF(V7=U7,"CLOSED_SHELL","OPEN_SHELL") -> OPEN_SHELL | X7: =Constants!$B$11 -> 9.2669271 | Y7: =H7-B7 -> 0 | Z7: =B7*Constants!$B$11+Y7*Constants!$B$12 -> 55.601562 | AA7: =Z7*Constants!$B$5 -> 444.8125 | AB7: =Z7*7 -> 389.21094 | AC7: =IF(B7>Constants!$B$6-Constants!$B$5,"CONSTANT_FRONTIER_TAIL_Z119_Z126","CONSTANT_NATIVE_SURFACE_Z001_Z118") -> CONSTANT_NATIVE_SURFACE_Z001_Z118 | AD7: =IF(B7>Constants!$B$6-Constants!$B$5,"CONSTANT_FRONTIER_TAIL_CANDIDATE",IF(G7=0,"CONSTANT_STABLE_ANCHOR_LANE",IF(G7=Constants!$B$2/2,"CONSTANT_HALF_WRITE_LANE","CONSTANT_BOUND_LADDER_LANE"))) -> CONSTANT_STABLE_ANCHOR_LANE
A8: ="E"&TEXT(B8,"000") -> E007 | B8: =ROW()-1 -> 7 | C8: =INT((B8-1)/Constants!$B$2)+1 -> 1 | D8: =MOD(B8-1,Constants!$B$2)+1 -> 7 | E8: =MAX(0,C8-1) -> 0 | F8: =INT(B8*E8/Constants!$B$2) -> 0 | G8: =MOD(B8*E8,Constants!$B$2) -> 0 | H8: =B8+F8 -> 7 | I8: =B8+H8 -> 14 | J8: =B8 -> 7 | K8: =H8 -> 7 | L8: =B8 -> 7 | M8: =J8+K8+L8 -> 21 | N8: =2*B8+H8 -> 21 | O8: =B8+2*H8 -> 21 | P8: =B8 -> 7 | Q8: =B8&"p+"&H8&"n+"&B8&"e" -> 7p+7n+7e | R8: =N8&"u+"&O8&"d+"&P8&"e" -> 21u+21d+7e | S8: =COUNTIF(Shells!$E$2:$E$9,"<"&B8)+1 -> 2 | T8: =INDEX(Shells!$B$2:$B$9,S8) -> 2 | U8: =INDEX(Shells!$C$2:$C$9,S8) -> 8 | V8: =B8-IF(S8=1,0,INDEX(Shells!$E$2:$E$9,S8-1)) -> 5 | W8: =IF(V8=U8,"CLOSED_SHELL","OPEN_SHELL") -> OPEN_SHELL | X8: =Constants!$B$11 -> 9.2669271 | Y8: =H8-B8 -> 0 | Z8: =B8*Constants!$B$11+Y8*Constants!$B$12 -> 64.86849 | AA8: =Z8*Constants!$B$5 -> 518.94792 | AB8: =Z8*7 -> 454.07943 | AC8: =IF(B8>Constants!$B$6-Constants!$B$5,"CONSTANT_FRONTIER_TAIL_Z119_Z126","CONSTANT_NATIVE_SURFACE_Z001_Z118") -> CONSTANT_NATIVE_SURFACE_Z001_Z118 | AD8: =IF(B8>Constants!$B$6-Constants!$B$5,"CONSTANT_FRONTIER_TAIL_CANDIDATE",IF(G8=0,"CONSTANT_STABLE_ANCHOR_LANE",IF(G8=Constants!$B$2/2,"CONSTANT_HALF_WRITE_LANE","CONSTANT_BOUND_LADDER_LANE"))) -> CONSTANT_STABLE_ANCHOR_LANE
A9: ="E"&TEXT(B9,"000") -> E008 | B9: =ROW()-1 -> 8 | C9: =INT((B9-1)/Constants!$B$2)+1 -> 1 | D9: =MOD(B9-1,Constants!$B$2)+1 -> 8 | E9: =MAX(0,C9-1) -> 0 | F9: =INT(B9*E9/Constants!$B$2) -> 0 | G9: =MOD(B9*E9,Constants!$B$2) -> 0 | H9: =B9+F9 -> 8 | I9: =B9+H9 -> 16 | J9: =B9 -> 8 | K9: =H9 -> 8 | L9: =B9 -> 8 | M9: =J9+K9+L9 -> 24 | N9: =2*B9+H9 -> 24 | O9: =B9+2*H9 -> 24 | P9: =B9 -> 8 | Q9: =B9&"p+"&H9&"n+"&B9&"e" -> 8p+8n+8e | R9: =N9&"u+"&O9&"d+"&P9&"e" -> 24u+24d+8e | S9: =COUNTIF(Shells!$E$2:$E$9,"<"&B9)+1 -> 2 | T9: =INDEX(Shells!$B$2:$B$9,S9) -> 2 | U9: =INDEX(Shells!$C$2:$C$9,S9) -> 8 | V9: =B9-IF(S9=1,0,INDEX(Shells!$E$2:$E$9,S9-1)) -> 6 | W9: =IF(V9=U9,"CLOSED_SHELL","OPEN_SHELL") -> OPEN_SHELL | X9: =Constants!$B$11 -> 9.2669271 | Y9: =H9-B9 -> 0 | Z9: =B9*Constants!$B$11+Y9*Constants!$B$12 -> 74.135417 | AA9: =Z9*Constants!$B$5 -> 593.08333 | AB9: =Z9*7 -> 518.94792 | AC9: =IF(B9>Constants!$B$6-Constants!$B$5,"CONSTANT_FRONTIER_TAIL_Z119_Z126","CONSTANT_NATIVE_SURFACE_Z001_Z118") -> CONSTANT_NATIVE_SURFACE_Z001_Z118 | AD9: =IF(B9>Constants!$B$6-Constants!$B$5,"CONSTANT_FRONTIER_TAIL_CANDIDATE",IF(G9=0,"CONSTANT_STABLE_ANCHOR_LANE",IF(G9=Constants!$B$2/2,"CONSTANT_HALF_WRITE_LANE","CONSTANT_BOUND_LADDER_LANE"))) -> CONSTANT_STABLE_ANCHOR_LANE
A10: ="E"&TEXT(B10,"000") -> E009 | B10: =ROW()-1 -> 9 | C10: =INT((B10-1)/Constants!$B$2)+1 -> 1 | D10: =MOD(B10-1,Constants!$B$2)+1 -> 9 | E10: =MAX(0,C10-1) -> 0 | F10: =INT(B10*E10/Constants!$B$2) -> 0 | G10: =MOD(B10*E10,Constants!$B$2) -> 0 | H10: =B10+F10 -> 9 | I10: =B10+H10 -> 18 | J10: =B10 -> 9 | K10: =H10 -> 9 | L10: =B10 -> 9 | M10: =J10+K10+L10 -> 27 | N10: =2*B10+H10 -> 27 | O10: =B10+2*H10 -> 27 | P10: =B10 -> 9 | Q10: =B10&"p+"&H10&"n+"&B10&"e" -> 9p+9n+9e | R10: =N10&"u+"&O10&"d+"&P10&"e" -> 27u+27d+9e | S10: =COUNTIF(Shells!$E$2:$E$9,"<"&B10)+1 -> 2 | T10: =INDEX(Shells!$B$2:$B$9,S10) -> 2 | U10: =INDEX(Shells!$C$2:$C$9,S10) -> 8 | V10: =B10-IF(S10=1,0,INDEX(Shells!$E$2:$E$9,S10-1)) -> 7 | W10: =IF(V10=U10,"CLOSED_SHELL","OPEN_SHELL") -> OPEN_SHELL | X10: =Constants!$B$11 -> 9.2669271 | Y10: =H10-B10 -> 0 | Z10: =B10*Constants!$B$11+Y10*Constants!$B$12 -> 83.402344 | AA10: =Z10*Constants!$B$5 -> 667.21875 | AB10: =Z10*7 -> 583.81641 | AC10: =IF(B10>Constants!$B$6-Constants!$B$5,"CONSTANT_FRONTIER_TAIL_Z119_Z126","CONSTANT_NATIVE_SURFACE_Z001_Z118") -> CONSTANT_NATIVE_SURFACE_Z001_Z118 | AD10: =IF(B10>Constants!$B$6-Constants!$B$5,"CONSTANT_FRONTIER_TAIL_CANDIDATE",IF(G10=0,"CONSTANT_STABLE_ANCHOR_LANE",IF(G10=Constants!$B$2/2,"CONSTANT_HALF_WRITE_LANE","CONSTANT_BOUND_LADDER_LANE"))) -> CONSTANT_STABLE_ANCHOR_LANE
A11: ="E"&TEXT(B11,"000") -> E010 | B11: =ROW()-1 -> 10 | C11: =INT((B11-1)/Constants!$B$2)+1 -> 1 | D11: =MOD(B11-1,Constants!$B$2)+1 -> 10 | E11: =MAX(0,C11-1) -> 0 | F11: =INT(B11*E11/Constants!$B$2) -> 0 | G11: =MOD(B11*E11,Constants!$B$2) -> 0 | H11: =B11+F11 -> 10 | I11: =B11+H11 -> 20 | J11: =B11 -> 10 | K11: =H11 -> 10 | L11: =B11 -> 10 | M11: =J11+K11+L11 -> 30 | N11: =2*B11+H11 -> 30 | O11: =B11+2*H11 -> 30 | P11: =B11 -> 10 | Q11: =B11&"p+"&H11&"n+"&B11&"e" -> 10p+10n+10e | R11: =N11&"u+"&O11&"d+"&P11&"e" -> 30u+30d+10e | S11: =COUNTIF(Shells!$E$2:$E$9,"<"&B11)+1 -> 2 | T11: =INDEX(Shells!$B$2:$B$9,S11) -> 2 | U11: =INDEX(Shells!$C$2:$C$9,S11) -> 8 | V11: =B11-IF(S11=1,0,INDEX(Shells!$E$2:$E$9,S11-1)) -> 8 | W11: =IF(V11=U11,"CLOSED_SHELL","OPEN_SHELL") -> CLOSED_SHELL | X11: =Constants!$B$11 -> 9.2669271 | Y11: =H11-B11 -> 0 | Z11: =B11*Constants!$B$11+Y11*Constants!$B$12 -> 92.669271 | AA11: =Z11*Constants!$B$5 -> 741.35417 | AB11: =Z11*7 -> 648.6849 | AC11: =IF(B11>Constants!$B$6-Constants!$B$5,"CONSTANT_FRONTIER_TAIL_Z119_Z126","CONSTANT_NATIVE_SURFACE_Z001_Z118") -> CONSTANT_NATIVE_SURFACE_Z001_Z118 | AD11: =IF(B11>Constants!$B$6-Constants!$B$5,"CONSTANT_FRONTIER_TAIL_CANDIDATE",IF(G11=0,"CONSTANT_STABLE_ANCHOR_LANE",IF(G11=Constants!$B$2/2,"CONSTANT_HALF_WRITE_LANE","CONSTANT_BOUND_LADDER_LANE"))) -> CONSTANT_STABLE_ANCHOR_LANE
A12: ="E"&TEXT(B12,"000") -> E011 | B12: =ROW()-1 -> 11 | C12: =INT((B12-1)/Constants!$B$2)+1 -> 1 | D12: =MOD(B12-1,Constants!$B$2)+1 -> 11 | E12: =MAX(0,C12-1) -> 0 | F12: =INT(B12*E12/Constants!$B$2) -> 0 | G12: =MOD(B12*E12,Constants!$B$2) -> 0 | H12: =B12+F12 -> 11 | I12: =B12+H12 -> 22 | J12: =B12 -> 11 | K12: =H12 -> 11 | L12: =B12 -> 11 | M12: =J12+K12+L12 -> 33 | N12: =2*B12+H12 -> 33 | O12: =B12+2*H12 -> 33 | P12: =B12 -> 11 | Q12: =B12&"p+"&H12&"n+"&B12&"e" -> 11p+11n+11e | R12: =N12&"u+"&O12&"d+"&P12&"e" -> 33u+33d+11e | S12: =COUNTIF(Shells!$E$2:$E$9,"<"&B12)+1 -> 3 | T12: =INDEX(Shells!$B$2:$B$9,S12) -> 3 | U12: =INDEX(Shells!$C$2:$C$9,S12) -> 18 | V12: =B12-IF(S12=1,0,INDEX(Shells!$E$2:$E$9,S12-1)) -> 1 | W12: =IF(V12=U12,"CLOSED_SHELL","OPEN_SHELL") -> OPEN_SHELL | X12: =Constants!$B$11 -> 9.2669271 | Y12: =H12-B12 -> 0 | Z12: =B12*Constants!$B$11+Y12*Constants!$B$12 -> 101.9362 | AA12: =Z12*Constants!$B$5 -> 815.48958 | AB12: =Z12*7 -> 713.55339 | AC12: =IF(B12>Constants!$B$6-Constants!$B$5,"CONSTANT_FRONTIER_TAIL_Z119_Z126","CONSTANT_NATIVE_SURFACE_Z001_Z118") -> CONSTANT_NATIVE_SURFACE_Z001_Z118 | AD12: =IF(B12>Constants!$B$6-Constants!$B$5,"CONSTANT_FRONTIER_TAIL_CANDIDATE",IF(G12=0,"CONSTANT_STABLE_ANCHOR_LANE",IF(G12=Constants!$B$2/2,"CONSTANT_HALF_WRITE_LANE","CONSTANT_BOUND_LADDER_LANE"))) -> CONSTANT_STABLE_ANCHOR_LANE
A13: ="E"&TEXT(B13,"000") -> E012 | B13: =ROW()-1 -> 12 | C13: =INT((B13-1)/Constants!$B$2)+1 -> 1 | D13: =MOD(B13-1,Constants!$B$2)+1 -> 12 | E13: =MAX(0,C13-1) -> 0 | F13: =INT(B13*E13/Constants!$B$2) -> 0 | G13: =MOD(B13*E13,Constants!$B$2) -> 0 | H13: =B13+F13 -> 12 | I13: =B13+H13 -> 24 | J13: =B13 -> 12 | K13: =H13 -> 12 | L13: =B13 -> 12 | M13: =J13+K13+L13 -> 36 | N13: =2*B13+H13 -> 36 | O13: =B13+2*H13 -> 36 | P13: =B13 -> 12 | Q13: =B13&"p+"&H13&"n+"&B13&"e" -> 12p+12n+12e | R13: =N13&"u+"&O13&"d+"&P13&"e" -> 36u+36d+12e | S13: =COUNTIF(Shells!$E$2:$E$9,"<"&B13)+1 -> 3 | T13: =INDEX(Shells!$B$2:$B$9,S13) -> 3 | U13: =INDEX(Shells!$C$2:$C$9,S13) -> 18 | V13: =B13-IF(S13=1,0,INDEX(Shells!$E$2:$E$9,S13-1)) -> 2 | W13: =IF(V13=U13,"CLOSED_SHELL","OPEN_SHELL") -> OPEN_SHELL | X13: =Constants!$B$11 -> 9.2669271 | Y13: =H13-B13 -> 0 | Z13: =B13*Constants!$B$11+Y13*Constants!$B$12 -> 111.20312 | AA13: =Z13*Constants!$B$5 -> 889.625 | AB13: =Z13*7 -> 778.42188 | AC13: =IF(B13>Constants!$B$6-Constants!$B$5,"CONSTANT_FRONTIER_TAIL_Z119_Z126","CONSTANT_NATIVE_SURFACE_Z001_Z118") -> CONSTANT_NATIVE_SURFACE_Z001_Z118 | AD13: =IF(B13>Constants!$B$6-Constants!$B$5,"CONSTANT_FRONTIER_TAIL_CANDIDATE",IF(G13=0,"CONSTANT_STABLE_ANCHOR_LANE",IF(G13=Constants!$B$2/2,"CONSTANT_HALF_WRITE_LANE","CONSTANT_BOUND_LADDER_LANE"))) -> CONSTANT_STABLE_ANCHOR_LANE
... A127: ="E"&TEXT(B127,"000") -> E126 | B127: =ROW()-1 -> 126 | C127: =INT((B127-1)/Constants!$B$2)+1 -> 11 | D127: =MOD(B127-1,Constants!$B$2)+1 -> 6 | E127: =MAX(0,C127-1) -> 10 | F127: =INT(B127*E127/Constants!$B$2) -> 105 | G127: =MOD(B127*E127,Constants!$B$2) -> 0 | H127: =B127+F127 -> 231 | I127: =B127+H127 -> 357 | J127: =B127 -> 126 | K127: =H127 -> 231 | L127: =B127 -> 126 | M127: =J127+K127+L127 -> 483 | N127: =2*B127+H127 -> 483 | O127: =B127+2*H127 -> 588 | P127: =B127 -> 126 | Q127: =B127&"p+"&H127&"n+"&B127&"e" -> 126p+231n+126e | R127: =N127&"u+"&O127&"d+"&P127&"e" -> 483u+588d+126e | S127: =COUNTIF(Shells!$E$2:$E$9,"<"&B127)+1 -> 8 | T127: =INDEX(Shells!$B$2:$B$9,S127) -> 2 | U127: =INDEX(Shells!$C$2:$C$9,S127) -> 8 | V127: =B127-IF(S127=1,0,INDEX(Shells!$E$2:$E$9,S127-1)) -> 8 | W127: =IF(V127=U127,"CLOSED_SHELL","OPEN_SHELL") -> CLOSED_SHELL | X127: =Constants!$B$11 -> 9.2669271 | Y127: =H127-B127 -> 105 | Z127: =B127*Constants!$B$11+Y127*Constants!$B$12 -> 1169.2734 | AA127: =Z127*Constants!$B$5 -> 9354.1875 | AB127: =Z127*7 -> 8184.9141 | AC127: =IF(B127>Constants!$B$6-Constants!$B$5,"CONSTANT_FRONTIER_TAIL_Z119_Z126","CONSTANT_NATIVE_SURFACE_Z001_Z118") -> CONSTANT_FRONTIER_TAIL_Z119_Z126 | AD127: =IF(B127>Constants!$B$6-Constants!$B$5,"CONSTANT_FRONTIER_TAIL_CANDIDATE",IF(G127=0,"CONSTANT_STABLE_ANCHOR_LANE",IF(G127=Constants!$B$2/2,"CONSTANT_HALF_WRITE_LANE","CONSTANT_BOUND_LADDER_LANE"))) -> CONSTANT_FRONTIER_TAIL_CANDIDATE

Sheet Isotope_Candidates
A1: candidate_row | B1: Z | C1: candidate_role | D1: active | E1: selected_depth | F1: delta_n | G1: residual_twelfths | H1: N | I1: A | J1: P_address | K1: quark_address | L1: G(P) | M1: GR(P) | N1: retained_7G | O1: native_lane
A2: =ROW()-1 -> 1 | B2: =INT((A2-1)/2)+1 -> 1 | C2: =IF(MOD(A2-1,2)=0,"FLOOR_PRIMARY","CEIL_NEIGHBOR") -> FLOOR_PRIMARY | D2: =IF(C2="FLOOR_PRIMARY","yes",IF(G2<>0,"yes","no")) -> yes | E2: =MAX(0,INT((B2-1)/Constants!$B$2)) -> 0 | F2: =INT(B2*E2/Constants!$B$2) -> 0 | G2: =MOD(B2*E2,Constants!$B$2) -> 0 | H2: =B2+F2+IF(C2="CEIL_NEIGHBOR",1,0) -> 1 | I2: =B2+H2 -> 2 | J2: =B2&"p+"&H2&"n+"&B2&"e" -> 1p+1n+1e | K2: =(2*B2+H2)&"u+"&(B2+2*H2)&"d+"&B2&"e" -> 3u+3d+1e | L2: =B2*Constants!$B$11+(H2-B2)*Constants!$B$12 -> 9.2669271 | M2: =L2*Constants!$B$5 -> 74.135417 | N2: =L2*7 -> 64.86849 | O2: =IF(B2>Constants!$B$6-Constants!$B$5,"CONSTANT_FRONTIER_TAIL_CANDIDATE",IF(G2=0,"CONSTANT_STABLE_ANCHOR_LANE",IF(G2=Constants!$B$2/2,"CONSTANT_HALF_WRITE_LANE","CONSTANT_BOUND_LADDER_LANE"))) -> CONSTANT_STABLE_ANCHOR_LANE
A3: =ROW()-1 -> 2 | B3: =INT((A3-1)/2)+1 -> 1 | C3: =IF(MOD(A3-1,2)=0,"FLOOR_PRIMARY","CEIL_NEIGHBOR") -> CEIL_NEIGHBOR | D3: =IF(C3="FLOOR_PRIMARY","yes",IF(G3<>0,"yes","no")) -> no | E3: =MAX(0,INT((B3-1)/Constants!$B$2)) -> 0 | F3: =INT(B3*E3/Constants!$B$2) -> 0 | G3: =MOD(B3*E3,Constants!$B$2) -> 0 | H3: =B3+F3+IF(C3="CEIL_NEIGHBOR",1,0) -> 2 | I3: =B3+H3 -> 3 | J3: =B3&"p+"&H3&"n+"&B3&"e" -> 1p+2n+1e | K3: =(2*B3+H3)&"u+"&(B3+2*H3)&"d+"&B3&"e" -> 4u+5d+1e | L3: =B3*Constants!$B$11+(H3-B3)*Constants!$B$12 -> 9.2825521 | M3: =L3*Constants!$B$5 -> 74.260417 | N3: =L3*7 -> 64.977865 | O3: =IF(B3>Constants!$B$6-Constants!$B$5,"CONSTANT_FRONTIER_TAIL_CANDIDATE",IF(G3=0,"CONSTANT_STABLE_ANCHOR_LANE",IF(G3=Constants!$B$2/2,"CONSTANT_HALF_WRITE_LANE","CONSTANT_BOUND_LADDER_LANE"))) -> CONSTANT_BOUND_LADDER_LANE
A4: =ROW()-1 -> 3 | B4: =INT((A4-1)/2)+1 -> 2 | C4: =IF(MOD(A4-1,2)=0,"FLOOR_PRIMARY","CEIL_NEIGHBOR") -> FLOOR_PRIMARY | D4: =IF(C4="FLOOR_PRIMARY","yes",IF(G4<>0,"yes","no")) -> yes | E4: =MAX(0,INT((B4-1)/Constants!$B$2)) -> 0 | F4: =INT(B4*E4/Constants!$B$2) -> 0 | G4: =MOD(B4*E4,Constants!$B$2) -> 0 | H4: =B4+F4+IF(C4="CEIL_NEIGHBOR",1,0) -> 2 | I4: =B4+H4 -> 4 | J4: =B4&"p+"&H4&"n+"&B4&"e" -> 2p+2n+2e | K4: =(2*B4+H4)&"u+"&(B4+2*H4)&"d+"&B4&"e" -> 6u+6d+2e | L4: =B4*Constants!$B$11+(H4-B4)*Constants!$B$12 -> 18.533854 | M4: =L4*Constants!$B$5 -> 148.27083 | N4: =L4*7 -> 129.73698 | O4: =IF(B4>Constants!$B$6-Constants!$B$5,"CONSTANT_FRONTIER_TAIL_CANDIDATE",IF(G4=0,"CONSTANT_STABLE_ANCHOR_LANE",IF(G4=Constants!$B$2/2,"CONSTANT_HALF_WRITE_LANE","CONSTANT_BOUND_LADDER_LANE"))) -> CONSTANT_STABLE_ANCHOR_LANE
A5: =ROW()-1 -> 4 | B5: =INT((A5-1)/2)+1 -> 2 | C5: =IF(MOD(A5-1,2)=0,"FLOOR_PRIMARY","CEIL_NEIGHBOR") -> CEIL_NEIGHBOR | D5: =IF(C5="FLOOR_PRIMARY","yes",IF(G5<>0,"yes","no")) -> no | E5: =MAX(0,INT((B5-1)/Constants!$B$2)) -> 0 | F5: =INT(B5*E5/Constants!$B$2) -> 0 | G5: =MOD(B5*E5,Constants!$B$2) -> 0 | H5: =B5+F5+IF(C5="CEIL_NEIGHBOR",1,0) -> 3 | I5: =B5+H5 -> 5 | J5: =B5&"p+"&H5&"n+"&B5&"e" -> 2p+3n+2e | K5: =(2*B5+H5)&"u+"&(B5+2*H5)&"d+"&B5&"e" -> 7u+8d+2e | L5: =B5*Constants!$B$11+(H5-B5)*Constants!$B$12 -> 18.549479 | M5: =L5*Constants!$B$5 -> 148.39583 | N5: =L5*7 -> 129.84635 | O5: =IF(B5>Constants!$B$6-Constants!$B$5,"CONSTANT_FRONTIER_TAIL_CANDIDATE",IF(G5=0,"CONSTANT_STABLE_ANCHOR_LANE",IF(G5=Constants!$B$2/2,"CONSTANT_HALF_WRITE_LANE","CONSTANT_BOUND_LADDER_LANE"))) -> CONSTANT_BOUND_LADDER_LANE
A6: =ROW()-1 -> 5 | B6: =INT((A6-1)/2)+1 -> 3 | C6: =IF(MOD(A6-1,2)=0,"FLOOR_PRIMARY","CEIL_NEIGHBOR") -> FLOOR_PRIMARY | D6: =IF(C6="FLOOR_PRIMARY","yes",IF(G6<>0,"yes","no")) -> yes | E6: =MAX(0,INT((B6-1)/Constants!$B$2)) -> 0 | F6: =INT(B6*E6/Constants!$B$2) -> 0 | G6: =MOD(B6*E6,Constants!$B$2) -> 0 | H6: =B6+F6+IF(C6="CEIL_NEIGHBOR",1,0) -> 3 | I6: =B6+H6 -> 6 | J6: =B6&"p+"&H6&"n+"&B6&"e" -> 3p+3n+3e | K6: =(2*B6+H6)&"u+"&(B6+2*H6)&"d+"&B6&"e" -> 9u+9d+3e | L6: =B6*Constants!$B$11+(H6-B6)*Constants!$B$12 -> 27.800781 | M6: =L6*Constants!$B$5 -> 222.40625 | N6: =L6*7 -> 194.60547 | O6: =IF(B6>Constants!$B$6-Constants!$B$5,"CONSTANT_FRONTIER_TAIL_CANDIDATE",IF(G6=0,"CONSTANT_STABLE_ANCHOR_LANE",IF(G6=Constants!$B$2/2,"CONSTANT_HALF_WRITE_LANE","CONSTANT_BOUND_LADDER_LANE"))) -> CONSTANT_STABLE_ANCHOR_LANE
A7: =ROW()-1 -> 6 | B7: =INT((A7-1)/2)+1 -> 3 | C7: =IF(MOD(A7-1,2)=0,"FLOOR_PRIMARY","CEIL_NEIGHBOR") -> CEIL_NEIGHBOR | D7: =IF(C7="FLOOR_PRIMARY","yes",IF(G7<>0,"yes","no")) -> no | E7: =MAX(0,INT((B7-1)/Constants!$B$2)) -> 0 | F7: =INT(B7*E7/Constants!$B$2) -> 0 | G7: =MOD(B7*E7,Constants!$B$2) -> 0 | H7: =B7+F7+IF(C7="CEIL_NEIGHBOR",1,0) -> 4 | I7: =B7+H7 -> 7 | J7: =B7&"p+"&H7&"n+"&B7&"e" -> 3p+4n+3e | K7: =(2*B7+H7)&"u+"&(B7+2*H7)&"d+"&B7&"e" -> 10u+11d+3e | L7: =B7*Constants!$B$11+(H7-B7)*Constants!$B$12 -> 27.816406 | M7: =L7*Constants!$B$5 -> 222.53125 | N7: =L7*7 -> 194.71484 | O7: =IF(B7>Constants!$B$6-Constants!$B$5,"CONSTANT_FRONTIER_TAIL_CANDIDATE",IF(G7=0,"CONSTANT_STABLE_ANCHOR_LANE",IF(G7=Constants!$B$2/2,"CONSTANT_HALF_WRITE_LANE","CONSTANT_BOUND_LADDER_LANE"))) -> CONSTANT_BOUND_LADDER_LANE
A8: =ROW()-1 -> 7 | B8: =INT((A8-1)/2)+1 -> 4 | C8: =IF(MOD(A8-1,2)=0,"FLOOR_PRIMARY","CEIL_NEIGHBOR") -> FLOOR_PRIMARY | D8: =IF(C8="FLOOR_PRIMARY","yes",IF(G8<>0,"yes","no")) -> yes | E8: =MAX(0,INT((B8-1)/Constants!$B$2)) -> 0 | F8: =INT(B8*E8/Constants!$B$2) -> 0 | G8: =MOD(B8*E8,Constants!$B$2) -> 0 | H8: =B8+F8+IF(C8="CEIL_NEIGHBOR",1,0) -> 4 | I8: =B8+H8 -> 8 | J8: =B8&"p+"&H8&"n+"&B8&"e" -> 4p+4n+4e | K8: =(2*B8+H8)&"u+"&(B8+2*H8)&"d+"&B8&"e" -> 12u+12d+4e | L8: =B8*Constants!$B$11+(H8-B8)*Constants!$B$12 -> 37.067708 | M8: =L8*Constants!$B$5 -> 296.54167 | N8: =L8*7 -> 259.47396 | O8: =IF(B8>Constants!$B$6-Constants!$B$5,"CONSTANT_FRONTIER_TAIL_CANDIDATE",IF(G8=0,"CONSTANT_STABLE_ANCHOR_LANE",IF(G8=Constants!$B$2/2,"CONSTANT_HALF_WRITE_LANE","CONSTANT_BOUND_LADDER_LANE"))) -> CONSTANT_STABLE_ANCHOR_LANE
A9: =ROW()-1 -> 8 | B9: =INT((A9-1)/2)+1 -> 4 | C9: =IF(MOD(A9-1,2)=0,"FLOOR_PRIMARY","CEIL_NEIGHBOR") -> CEIL_NEIGHBOR | D9: =IF(C9="FLOOR_PRIMARY","yes",IF(G9<>0,"yes","no")) -> no | E9: =MAX(0,INT((B9-1)/Constants!$B$2)) -> 0 | F9: =INT(B9*E9/Constants!$B$2) -> 0 | G9: =MOD(B9*E9,Constants!$B$2) -> 0 | H9: =B9+F9+IF(C9="CEIL_NEIGHBOR",1,0) -> 5 | I9: =B9+H9 -> 9 | J9: =B9&"p+"&H9&"n+"&B9&"e" -> 4p+5n+4e | K9: =(2*B9+H9)&"u+"&(B9+2*H9)&"d+"&B9&"e" -> 13u+14d+4e | L9: =B9*Constants!$B$11+(H9-B9)*Constants!$B$12 -> 37.083333 | M9: =L9*Constants!$B$5 -> 296.66667 | N9: =L9*7 -> 259.58333 | O9: =IF(B9>Constants!$B$6-Constants!$B$5,"CONSTANT_FRONTIER_TAIL_CANDIDATE",IF(G9=0,"CONSTANT_STABLE_ANCHOR_LANE",IF(G9=Constants!$B$2/2,"CONSTANT_HALF_WRITE_LANE","CONSTANT_BOUND_LADDER_LANE"))) -> CONSTANT_BOUND_LADDER_LANE
A10: =ROW()-1 -> 9 | B10: =INT((A10-1)/2)+1 -> 5 | C10: =IF(MOD(A10-1,2)=0,"FLOOR_PRIMARY","CEIL_NEIGHBOR") -> FLOOR_PRIMARY | D10: =IF(C10="FLOOR_PRIMARY","yes",IF(G10<>0,"yes","no")) -> yes | E10: =MAX(0,INT((B10-1)/Constants!$B$2)) -> 0 | F10: =INT(B10*E10/Constants!$B$2) -> 0 | G10: =MOD(B10*E10,Constants!$B$2) -> 0 | H10: =B10+F10+IF(C10="CEIL_NEIGHBOR",1,0) -> 5 | I10: =B10+H10 -> 10 | J10: =B10&"p+"&H10&"n+"&B10&"e" -> 5p+5n+5e | K10: =(2*B10+H10)&"u+"&(B10+2*H10)&"d+"&B10&"e" -> 15u+15d+5e | L10: =B10*Constants!$B$11+(H10-B10)*Constants!$B$12 -> 46.334635 | M10: =L10*Constants!$B$5 -> 370.67708 | N10: =L10*7 -> 324.34245 | O10: =IF(B10>Constants!$B$6-Constants!$B$5,"CONSTANT_FRONTIER_TAIL_CANDIDATE",IF(G10=0,"CONSTANT_STABLE_ANCHOR_LANE",IF(G10=Constants!$B$2/2,"CONSTANT_HALF_WRITE_LANE","CONSTANT_BOUND_LADDER_LANE"))) -> CONSTANT_STABLE_ANCHOR_LANE
A11: =ROW()-1 -> 10 | B11: =INT((A11-1)/2)+1 -> 5 | C11: =IF(MOD(A11-1,2)=0,"FLOOR_PRIMARY","CEIL_NEIGHBOR") -> CEIL_NEIGHBOR | D11: =IF(C11="FLOOR_PRIMARY","yes",IF(G11<>0,"yes","no")) -> no | E11: =MAX(0,INT((B11-1)/Constants!$B$2)) -> 0 | F11: =INT(B11*E11/Constants!$B$2) -> 0 | G11: =MOD(B11*E11,Constants!$B$2) -> 0 | H11: =B11+F11+IF(C11="CEIL_NEIGHBOR",1,0) -> 6 | I11: =B11+H11 -> 11 | J11: =B11&"p+"&H11&"n+"&B11&"e" -> 5p+6n+5e | K11: =(2*B11+H11)&"u+"&(B11+2*H11)&"d+"&B11&"e" -> 16u+17d+5e | L11: =B11*Constants!$B$11+(H11-B11)*Constants!$B$12 -> 46.35026 | M11: =L11*Constants!$B$5 -> 370.80208 | N11: =L11*7 -> 324.45182 | O11: =IF(B11>Constants!$B$6-Constants!$B$5,"CONSTANT_FRONTIER_TAIL_CANDIDATE",IF(G11=0,"CONSTANT_STABLE_ANCHOR_LANE",IF(G11=Constants!$B$2/2,"CONSTANT_HALF_WRITE_LANE","CONSTANT_BOUND_LADDER_LANE"))) -> CONSTANT_BOUND_LADDER_LANE
A12: =ROW()-1 -> 11 | B12: =INT((A12-1)/2)+1 -> 6 | C12: =IF(MOD(A12-1,2)=0,"FLOOR_PRIMARY","CEIL_NEIGHBOR") -> FLOOR_PRIMARY | D12: =IF(C12="FLOOR_PRIMARY","yes",IF(G12<>0,"yes","no")) -> yes | E12: =MAX(0,INT((B12-1)/Constants!$B$2)) -> 0 | F12: =INT(B12*E12/Constants!$B$2) -> 0 | G12: =MOD(B12*E12,Constants!$B$2) -> 0 | H12: =B12+F12+IF(C12="CEIL_NEIGHBOR",1,0) -> 6 | I12: =B12+H12 -> 12 | J12: =B12&"p+"&H12&"n+"&B12&"e" -> 6p+6n+6e | K12: =(2*B12+H12)&"u+"&(B12+2*H12)&"d+"&B12&"e" -> 18u+18d+6e | L12: =B12*Constants!$B$11+(H12-B12)*Constants!$B$12 -> 55.601562 | M12: =L12*Constants!$B$5 -> 444.8125 | N12: =L12*7 -> 389.21094 | O12: =IF(B12>Constants!$B$6-Constants!$B$5,"CONSTANT_FRONTIER_TAIL_CANDIDATE",IF(G12=0,"CONSTANT_STABLE_ANCHOR_LANE",IF(G12=Constants!$B$2/2,"CONSTANT_HALF_WRITE_LANE","CONSTANT_BOUND_LADDER_LANE"))) -> CONSTANT_STABLE_ANCHOR_LANE
A13: =ROW()-1 -> 12 | B13: =INT((A13-1)/2)+1 -> 6 | C13: =IF(MOD(A13-1,2)=0,"FLOOR_PRIMARY","CEIL_NEIGHBOR") -> CEIL_NEIGHBOR | D13: =IF(C13="FLOOR_PRIMARY","yes",IF(G13<>0,"yes","no")) -> no | E13: =MAX(0,INT((B13-1)/Constants!$B$2)) -> 0 | F13: =INT(B13*E13/Constants!$B$2) -> 0 | G13: =MOD(B13*E13,Constants!$B$2) -> 0 | H13: =B13+F13+IF(C13="CEIL_NEIGHBOR",1,0) -> 7 | I13: =B13+H13 -> 13 | J13: =B13&"p+"&H13&"n+"&B13&"e" -> 6p+7n+6e | K13: =(2*B13+H13)&"u+"&(B13+2*H13)&"d+"&B13&"e" -> 19u+20d+6e | L13: =B13*Constants!$B$11+(H13-B13)*Constants!$B$12 -> 55.617188 | M13: =L13*Constants!$B$5 -> 444.9375 | N13: =L13*7 -> 389.32031 | O13: =IF(B13>Constants!$B$6-Constants!$B$5,"CONSTANT_FRONTIER_TAIL_CANDIDATE",IF(G13=0,"CONSTANT_STABLE_ANCHOR_LANE",IF(G13=Constants!$B$2/2,"CONSTANT_HALF_WRITE_LANE","CONSTANT_BOUND_LADDER_LANE"))) -> CONSTANT_BOUND_LADDER_LANE
... A253: =ROW()-1 -> 252 | B253: =INT((A253-1)/2)+1 -> 126 | C253: =IF(MOD(A253-1,2)=0,"FLOOR_PRIMARY","CEIL_NEIGHBOR") -> CEIL_NEIGHBOR | D253: =IF(C253="FLOOR_PRIMARY","yes",IF(G253<>0,"yes","no")) -> no | E253: =MAX(0,INT((B253-1)/Constants!$B$2)) -> 10 | F253: =INT(B253*E253/Constants!$B$2) -> 105 | G253: =MOD(B253*E253,Constants!$B$2) -> 0 | H253: =B253+F253+IF(C253="CEIL_NEIGHBOR",1,0) -> 232 | I253: =B253+H253 -> 358 | J253: =B253&"p+"&H253&"n+"&B253&"e" -> 126p+232n+126e | K253: =(2*B253+H253)&"u+"&(B253+2*H253)&"d+"&B253&"e" -> 484u+590d+126e | L253: =B253*Constants!$B$11+(H253-B253)*Constants!$B$12 -> 1169.2891 | M253: =L253*Constants!$B$5 -> 9354.3125 | N253: =L253*7 -> 8185.0234 | O253: =IF(B253>Constants!$B$6-Constants!$B$5,"CONSTANT_FRONTIER_TAIL_CANDIDATE",IF(G253=0,"CONSTANT_STABLE_ANCHOR_LANE",IF(G253=Constants!$B$2/2,"CONSTANT_HALF_WRITE_LANE","CONSTANT_BOUND_LADDER_LANE"))) -> CONSTANT_FRONTIER_TAIL_CANDIDATE

Sheet Checks
A1: check | B1: formula_result | C1: formula | D1: expected | E1: status
A2: native_capacity | B2: =Constants!B6 -> 126 | C2: =Constants!B6 | D2: 126 | E2: =IF(B2=D2,"PASS","FAIL") -> PASS
A3: shell_capacity_sum | B3: =SUM(Shells!C2:C9) -> 126 | C3: =SUM(Shells!C2:C9) | D3: 126 | E3: =IF(B3=D3,"PASS","FAIL") -> PASS
A4: element_rows | B4: =COUNTA(Elements_126!B2:B127) -> 126 | C4: =COUNTA(Elements_126!B2:B127) | D4: 126 | E4: =IF(B4=D4,"PASS","FAIL") -> PASS
A5: closed_shell_rows | B5: =COUNTIF(Elements_126!W2:W127,"CLOSED_SHELL") -> 8 | C5: =COUNTIF(Elements_126!W2:W127,"CLOSED_SHELL") | D5: 8 | E5: =IF(B5=D5,"PASS","FAIL") -> PASS
A6: frontier_tail_rows | B6: =COUNTIF(Elements_126!AC2:AC127,"CONSTANT_FRONTIER_TAIL_Z119_Z126") -> 8 | C6: =COUNTIF(Elements_126!AC2:AC127,"CONSTANT_FRONTIER_TAIL_Z119_Z126") | D6: 8 | E6: =IF(B6=D6,"PASS","FAIL") -> PASS
A7: active_isotope_candidates | B7: =COUNTIF(Isotope_Candidates!D2:D253,"yes") -> 214 | C7: =COUNTIF(Isotope_Candidates!D2:D253,"yes") | D7: 214 | E7: =IF(B7=D7,"PASS","FAIL") -> PASS
A8: blank_known_and_card_fields | B8: =COUNTA(Elements_126!AE2:AH127) -> 0 | C8: =COUNTA(Elements_126!AE2:AH127) | D8: 0 | E8: =IF(B8=D8,"PASS","FAIL") -> PASS
A9: gold_like_Z79_P | B9: =INDEX(Elements_126!Q2:Q127,79) -> 79p+118n+79e | C9: =INDEX(Elements_126!Q2:Q127,79) | D9: 79p+118n+79e | E9: =IF(B9=D9,"PASS","FAIL") -> PASS
A10: gold_like_Z79_G | B10: =INDEX(Elements_126!Z2:Z127,79) -> 732.69661 | C10: =INDEX(Elements_126!Z2:Z127,79) | D10: 732.6966145833333333333333333333333333333333333333333333333333333333333333333333333333333333333333333 | E10: =IF(B10=D10,"PASS","FAIL") -> PASS
A11: gold_like_Z79_GR | B11: =INDEX(Elements_126!AA2:AA127,79) -> 5861.5729 | C11: =INDEX(Elements_126!AA2:AA127,79) | D11: 5861.572916666666666666666666666666666666666666666666666666666666666666666666666666666666666666666667 | E11: =IF(B11=D11,"PASS","FAIL") -> PASS
