Workbook

Sheet Constants
A1: Constant | B1: Value | C1: Formula | D1: Role | E1: Input status
A2: R | B2: 12 | C2: declared | D2: radix/native route constant | E2: SEALED_CONSTANT
A3: D | B3: 3 | C3: declared | D3: closure depth | E3: SEALED_CONSTANT
A4: alpha_H | B4: 2 | C4: declared | D4: hidden-source generator | E4: SEALED_CONSTANT
A5: split | B5: =2^B3 -> 8 | C5: =2^D | D5: carrier split | E5: FORMULA
A6: R_squared | B6: =B2^2 -> 144 | C6: =R^2 | D6: full lattice | E6: FORMULA
A7: native_capacity | B7: =B6*(1-1/B5) -> 126 | C7: =R^2*(1-1/split) | D7: SOB row count | E7: FORMULA
A8: frontier_start | B8: =B7-B5+1 -> 119 | C8: =capacity-split+1 | D8: frontier begins | E8: FORMULA
A9: kappa_floor | B9: =7117/768 -> 9.2669271 | C9: =7117/768 | D9: floor kappa | E9: FORMULA
A10: neutron_G_unit | B10: =1/64 -> 0.015625 | C10: =1/64 | D10: neutron excess G unit | E10: FORMULA
A11: tensor_release_T | B11: =B6/B5 -> 18 | C11: =R^2/split | D11: carrier tensor release | E11: FORMULA
A12: neutral_vector_Zc | B12: =B3^(B3+1) -> 81 | C12: =D^(D+1) | D12: neutral vector carrier | E12: FORMULA
A13: hidden_sum_H | B13: =SUM(Hidden_Set!D2:D13) -> 45 | C13: =SUM(Hidden_Set!D2:D13) | D13: hidden bigrade sum | E13: FORMULA
A14: clock_boundary | B14: =B12+B4 -> 83 | C14: =neutral_vector_Zc+alpha_H | D14: stable boundary | E14: FORMULA
A15: clock_hole_1 | B15: =B13-B4 -> 43 | C15: =hidden_sum_H-alpha_H | D15: first hole | E15: FORMULA
A16: clock_hole_2 | B16: =B15+B11 -> 61 | C16: =clock_hole_1+tensor_release_T | D16: tensor-shifted hole | E16: FORMULA
A17: clock_rule | B17: stable iff Z<=83 and Z not in {43,61} | C17: formula text | D17: CLOCK selector | E17: FORMULA_TEXT

Sheet Hidden_Set
A1: a | B1: b | C1: p=alpha_H^a*D^b | D1: included_p | E1: include_rule
A2: 0 | B2: 0 | C2: =Constants!$B$4^A2*Constants!$B$3^B2 -> 1 | D2: =IF(C2<=Constants!$B$2,C2,0) -> 1 | E2: =IF(C2<=Constants!$B$2,"yes","no") -> yes
A3: 0 | B3: 1 | C3: =Constants!$B$4^A3*Constants!$B$3^B3 -> 3 | D3: =IF(C3<=Constants!$B$2,C3,0) -> 3 | E3: =IF(C3<=Constants!$B$2,"yes","no") -> yes
A4: 0 | B4: 2 | C4: =Constants!$B$4^A4*Constants!$B$3^B4 -> 9 | D4: =IF(C4<=Constants!$B$2,C4,0) -> 9 | E4: =IF(C4<=Constants!$B$2,"yes","no") -> yes
A5: 1 | B5: 0 | C5: =Constants!$B$4^A5*Constants!$B$3^B5 -> 2 | D5: =IF(C5<=Constants!$B$2,C5,0) -> 2 | E5: =IF(C5<=Constants!$B$2,"yes","no") -> yes
A6: 1 | B6: 1 | C6: =Constants!$B$4^A6*Constants!$B$3^B6 -> 6 | D6: =IF(C6<=Constants!$B$2,C6,0) -> 6 | E6: =IF(C6<=Constants!$B$2,"yes","no") -> yes
A7: 1 | B7: 2 | C7: =Constants!$B$4^A7*Constants!$B$3^B7 -> 18 | D7: =IF(C7<=Constants!$B$2,C7,0) -> 0 | E7: =IF(C7<=Constants!$B$2,"yes","no") -> no
A8: 2 | B8: 0 | C8: =Constants!$B$4^A8*Constants!$B$3^B8 -> 4 | D8: =IF(C8<=Constants!$B$2,C8,0) -> 4 | E8: =IF(C8<=Constants!$B$2,"yes","no") -> yes
A9: 2 | B9: 1 | C9: =Constants!$B$4^A9*Constants!$B$3^B9 -> 12 | D9: =IF(C9<=Constants!$B$2,C9,0) -> 12 | E9: =IF(C9<=Constants!$B$2,"yes","no") -> yes
A10: 2 | B10: 2 | C10: =Constants!$B$4^A10*Constants!$B$3^B10 -> 36 | D10: =IF(C10<=Constants!$B$2,C10,0) -> 0 | E10: =IF(C10<=Constants!$B$2,"yes","no") -> no
A11: 3 | B11: 0 | C11: =Constants!$B$4^A11*Constants!$B$3^B11 -> 8 | D11: =IF(C11<=Constants!$B$2,C11,0) -> 8 | E11: =IF(C11<=Constants!$B$2,"yes","no") -> yes
A12: 3 | B12: 1 | C12: =Constants!$B$4^A12*Constants!$B$3^B12 -> 24 | D12: =IF(C12<=Constants!$B$2,C12,0) -> 0 | E12: =IF(C12<=Constants!$B$2,"yes","no") -> no
A13: 3 | B13: 2 | C13: =Constants!$B$4^A13*Constants!$B$3^B13 -> 72 | D13: =IF(C13<=Constants!$B$2,C13,0) -> 0 | E13: =IF(C13<=Constants!$B$2,"yes","no") -> no
A14: hidden_sum_H | D14: =SUM(D2:D13) -> 45 | E14: must equal Constants!B13

Sheet Shells
A1: shell_period | B1: n | C1: capacity | D1: start_Z | E1: end_Z | F1: n_formula
A2: 1 | B2: =1 -> 1 | C2: =2*B2^2 -> 2 | D2: =1 -> 1 | E2: =SUM($C$2:C2) -> 2 | F2: =1
A3: 2 | B3: =Constants!$B$4 -> 2 | C3: =2*B3^2 -> 8 | D3: =E2+1 -> 3 | E3: =SUM($C$2:C3) -> 10 | F3: =Constants!$B$4
A4: 3 | B4: =Constants!$B$3 -> 3 | C4: =2*B4^2 -> 18 | D4: =E3+1 -> 11 | E4: =SUM($C$2:C4) -> 28 | F4: =Constants!$B$3
A5: 4 | B5: =Constants!$B$2/Constants!$B$3 -> 4 | C5: =2*B5^2 -> 32 | D5: =E4+1 -> 29 | E5: =SUM($C$2:C5) -> 60 | F5: =Constants!$B$2/Constants!$B$3
A6: 5 | B6: =Constants!$B$2/Constants!$B$3 -> 4 | C6: =2*B6^2 -> 32 | D6: =E5+1 -> 61 | E6: =SUM($C$2:C6) -> 92 | F6: =Constants!$B$2/Constants!$B$3
A7: 6 | B7: =Constants!$B$3 -> 3 | C7: =2*B7^2 -> 18 | D7: =E6+1 -> 93 | E7: =SUM($C$2:C7) -> 110 | F7: =Constants!$B$3
A8: 7 | B8: =Constants!$B$4 -> 2 | C8: =2*B8^2 -> 8 | D8: =E7+1 -> 111 | E8: =SUM($C$2:C8) -> 118 | F8: =Constants!$B$4
A9: 8 | B9: =Constants!$B$4 -> 2 | C9: =2*B9^2 -> 8 | D9: =E8+1 -> 119 | E9: =SUM($C$2:C9) -> 126 | F9: =Constants!$B$4

Sheet SOB_126
A1: sob_id | B1: Z | C1: N | D1: A | E1: radix_cycle | F1: radix_slot | G1: selected_depth | H1: delta_n | I1: residual_twelfths | J1: P_subscript | K1: P_address | L1: quark_u | M1: quark_d | N1: quark_e | O1: quark_address | P1: shell_period | Q1: shell_capacity | R1: shell_occupancy | S1: shell_status | T1: native_lane | U1: clock_prediction | V1: kappa_floor | W1: G(P) | X1: GR(P) | Y1: retained_7G | Z1: light_face | AA1: action_face | AB1: bottom_A_line | AC1: construction_source
A2: ="SOB"&B2 -> SOB1 | B2: =ROW()-1 -> 1 | C2: =B2+H2 -> 1 | D2: =B2+C2 -> 2 | E2: =INT((B2-1)/Constants!$B$2)+1 -> 1 | F2: =MOD(B2-1,Constants!$B$2)+1 -> 1 | G2: =MAX(0,E2-1) -> 0 | H2: =INT(B2*G2/Constants!$B$2) -> 0 | I2: =MOD(B2*G2,Constants!$B$2) -> 0 | J2: ="P_"&B2&","&D2 -> P_1,2 | K2: =B2&"p+"&C2&"n+"&B2&"e" -> 1p+1n+1e | L2: =2*B2+C2 -> 3 | M2: =B2+2*C2 -> 3 | N2: =B2 -> 1 | O2: =L2&"u+"&M2&"d+"&N2&"e" -> 3u+3d+1e | P2: =COUNTIF(Shells!$E$2:$E$9,"<"&B2)+1 -> 1 | Q2: =INDEX(Shells!$C$2:$C$9,P2) -> 2 | R2: =B2-IF(P2=1,0,INDEX(Shells!$E$2:$E$9,P2-1)) -> 1 | S2: =IF(R2=Q2,"CLOSED_SHELL","OPEN_SHELL") -> OPEN_SHELL | T2: =IF(B2>=Constants!$B$8,"CONSTANT_FRONTIER_TAIL_CANDIDATE",IF(I2=0,"CONSTANT_STABLE_ANCHOR_LANE",IF(I2=Constants!$B$2/2,"CONSTANT_HALF_WRITE_LANE","CONSTANT_BOUND_LADDER_LANE"))) -> CONSTANT_STABLE_ANCHOR_LANE | U2: =IF(B2>=Constants!$B$8,"frontier",IF(AND(B2<=Constants!$B$14,B2<>Constants!$B$15,B2<>Constants!$B$16),"stable","radioactive")) -> stable | V2: =Constants!$B$9 -> 9.2669271 | W2: =B2*Constants!$B$9+(C2-B2)*Constants!$B$10 -> 9.2669271 | X2: =W2*Constants!$B$5 -> 74.135417 | Y2: =W2*7 -> 64.86849 | Z2: ="shell "&P2&" occupancy "&R2&"/"&Q2 -> shell 1 occupancy 1/2 | AA2: ="closure" -> closure | AB2: ="A=Z+N="&B2&"+"&C2&"="&D2 -> 2 | AC2: ="SAM_CONSTANTS_ONLY_NO_FREE_INPUTS" -> SAM_CONSTANTS_ONLY_NO_FREE_INPUTS
A3: ="SOB"&B3 -> SOB2 | B3: =ROW()-1 -> 2 | C3: =B3+H3 -> 2 | D3: =B3+C3 -> 4 | E3: =INT((B3-1)/Constants!$B$2)+1 -> 1 | F3: =MOD(B3-1,Constants!$B$2)+1 -> 2 | G3: =MAX(0,E3-1) -> 0 | H3: =INT(B3*G3/Constants!$B$2) -> 0 | I3: =MOD(B3*G3,Constants!$B$2) -> 0 | J3: ="P_"&B3&","&D3 -> P_2,4 | K3: =B3&"p+"&C3&"n+"&B3&"e" -> 2p+2n+2e | L3: =2*B3+C3 -> 6 | M3: =B3+2*C3 -> 6 | N3: =B3 -> 2 | O3: =L3&"u+"&M3&"d+"&N3&"e" -> 6u+6d+2e | P3: =COUNTIF(Shells!$E$2:$E$9,"<"&B3)+1 -> 1 | Q3: =INDEX(Shells!$C$2:$C$9,P3) -> 2 | R3: =B3-IF(P3=1,0,INDEX(Shells!$E$2:$E$9,P3-1)) -> 2 | S3: =IF(R3=Q3,"CLOSED_SHELL","OPEN_SHELL") -> CLOSED_SHELL | T3: =IF(B3>=Constants!$B$8,"CONSTANT_FRONTIER_TAIL_CANDIDATE",IF(I3=0,"CONSTANT_STABLE_ANCHOR_LANE",IF(I3=Constants!$B$2/2,"CONSTANT_HALF_WRITE_LANE","CONSTANT_BOUND_LADDER_LANE"))) -> CONSTANT_STABLE_ANCHOR_LANE | U3: =IF(B3>=Constants!$B$8,"frontier",IF(AND(B3<=Constants!$B$14,B3<>Constants!$B$15,B3<>Constants!$B$16),"stable","radioactive")) -> stable | V3: =Constants!$B$9 -> 9.2669271 | W3: =B3*Constants!$B$9+(C3-B3)*Constants!$B$10 -> 18.533854 | X3: =W3*Constants!$B$5 -> 148.27083 | Y3: =W3*7 -> 129.73698 | Z3: ="shell "&P3&" occupancy "&R3&"/"&Q3 -> shell 1 occupancy 2/2 | AA3: ="closure" -> closure | AB3: ="A=Z+N="&B3&"+"&C3&"="&D3 -> 4 | AC3: ="SAM_CONSTANTS_ONLY_NO_FREE_INPUTS" -> SAM_CONSTANTS_ONLY_NO_FREE_INPUTS
A4: ="SOB"&B4 -> SOB3 | B4: =ROW()-1 -> 3 | C4: =B4+H4 -> 3 | D4: =B4+C4 -> 6 | E4: =INT((B4-1)/Constants!$B$2)+1 -> 1 | F4: =MOD(B4-1,Constants!$B$2)+1 -> 3 | G4: =MAX(0,E4-1) -> 0 | H4: =INT(B4*G4/Constants!$B$2) -> 0 | I4: =MOD(B4*G4,Constants!$B$2) -> 0 | J4: ="P_"&B4&","&D4 -> P_3,6 | K4: =B4&"p+"&C4&"n+"&B4&"e" -> 3p+3n+3e | L4: =2*B4+C4 -> 9 | M4: =B4+2*C4 -> 9 | N4: =B4 -> 3 | O4: =L4&"u+"&M4&"d+"&N4&"e" -> 9u+9d+3e | P4: =COUNTIF(Shells!$E$2:$E$9,"<"&B4)+1 -> 2 | Q4: =INDEX(Shells!$C$2:$C$9,P4) -> 8 | R4: =B4-IF(P4=1,0,INDEX(Shells!$E$2:$E$9,P4-1)) -> 1 | S4: =IF(R4=Q4,"CLOSED_SHELL","OPEN_SHELL") -> OPEN_SHELL | T4: =IF(B4>=Constants!$B$8,"CONSTANT_FRONTIER_TAIL_CANDIDATE",IF(I4=0,"CONSTANT_STABLE_ANCHOR_LANE",IF(I4=Constants!$B$2/2,"CONSTANT_HALF_WRITE_LANE","CONSTANT_BOUND_LADDER_LANE"))) -> CONSTANT_STABLE_ANCHOR_LANE | U4: =IF(B4>=Constants!$B$8,"frontier",IF(AND(B4<=Constants!$B$14,B4<>Constants!$B$15,B4<>Constants!$B$16),"stable","radioactive")) -> stable | V4: =Constants!$B$9 -> 9.2669271 | W4: =B4*Constants!$B$9+(C4-B4)*Constants!$B$10 -> 27.800781 | X4: =W4*Constants!$B$5 -> 222.40625 | Y4: =W4*7 -> 194.60547 | Z4: ="shell "&P4&" occupancy "&R4&"/"&Q4 -> shell 2 occupancy 1/8 | AA4: ="closure" -> closure | AB4: ="A=Z+N="&B4&"+"&C4&"="&D4 -> 6 | AC4: ="SAM_CONSTANTS_ONLY_NO_FREE_INPUTS" -> SAM_CONSTANTS_ONLY_NO_FREE_INPUTS
A5: ="SOB"&B5 -> SOB4 | B5: =ROW()-1 -> 4 | C5: =B5+H5 -> 4 | D5: =B5+C5 -> 8 | E5: =INT((B5-1)/Constants!$B$2)+1 -> 1 | F5: =MOD(B5-1,Constants!$B$2)+1 -> 4 | G5: =MAX(0,E5-1) -> 0 | H5: =INT(B5*G5/Constants!$B$2) -> 0 | I5: =MOD(B5*G5,Constants!$B$2) -> 0 | J5: ="P_"&B5&","&D5 -> P_4,8 | K5: =B5&"p+"&C5&"n+"&B5&"e" -> 4p+4n+4e | L5: =2*B5+C5 -> 12 | M5: =B5+2*C5 -> 12 | N5: =B5 -> 4 | O5: =L5&"u+"&M5&"d+"&N5&"e" -> 12u+12d+4e | P5: =COUNTIF(Shells!$E$2:$E$9,"<"&B5)+1 -> 2 | Q5: =INDEX(Shells!$C$2:$C$9,P5) -> 8 | R5: =B5-IF(P5=1,0,INDEX(Shells!$E$2:$E$9,P5-1)) -> 2 | S5: =IF(R5=Q5,"CLOSED_SHELL","OPEN_SHELL") -> OPEN_SHELL | T5: =IF(B5>=Constants!$B$8,"CONSTANT_FRONTIER_TAIL_CANDIDATE",IF(I5=0,"CONSTANT_STABLE_ANCHOR_LANE",IF(I5=Constants!$B$2/2,"CONSTANT_HALF_WRITE_LANE","CONSTANT_BOUND_LADDER_LANE"))) -> CONSTANT_STABLE_ANCHOR_LANE | U5: =IF(B5>=Constants!$B$8,"frontier",IF(AND(B5<=Constants!$B$14,B5<>Constants!$B$15,B5<>Constants!$B$16),"stable","radioactive")) -> stable | V5: =Constants!$B$9 -> 9.2669271 | W5: =B5*Constants!$B$9+(C5-B5)*Constants!$B$10 -> 37.067708 | X5: =W5*Constants!$B$5 -> 296.54167 | Y5: =W5*7 -> 259.47396 | Z5: ="shell "&P5&" occupancy "&R5&"/"&Q5 -> shell 2 occupancy 2/8 | AA5: ="closure" -> closure | AB5: ="A=Z+N="&B5&"+"&C5&"="&D5 -> 8 | AC5: ="SAM_CONSTANTS_ONLY_NO_FREE_INPUTS" -> SAM_CONSTANTS_ONLY_NO_FREE_INPUTS
A6: ="SOB"&B6 -> SOB5 | B6: =ROW()-1 -> 5 | C6: =B6+H6 -> 5 | D6: =B6+C6 -> 10 | E6: =INT((B6-1)/Constants!$B$2)+1 -> 1 | F6: =MOD(B6-1,Constants!$B$2)+1 -> 5 | G6: =MAX(0,E6-1) -> 0 | H6: =INT(B6*G6/Constants!$B$2) -> 0 | I6: =MOD(B6*G6,Constants!$B$2) -> 0 | J6: ="P_"&B6&","&D6 -> P_5,10 | K6: =B6&"p+"&C6&"n+"&B6&"e" -> 5p+5n+5e | L6: =2*B6+C6 -> 15 | M6: =B6+2*C6 -> 15 | N6: =B6 -> 5 | O6: =L6&"u+"&M6&"d+"&N6&"e" -> 15u+15d+5e | P6: =COUNTIF(Shells!$E$2:$E$9,"<"&B6)+1 -> 2 | Q6: =INDEX(Shells!$C$2:$C$9,P6) -> 8 | R6: =B6-IF(P6=1,0,INDEX(Shells!$E$2:$E$9,P6-1)) -> 3 | S6: =IF(R6=Q6,"CLOSED_SHELL","OPEN_SHELL") -> OPEN_SHELL | T6: =IF(B6>=Constants!$B$8,"CONSTANT_FRONTIER_TAIL_CANDIDATE",IF(I6=0,"CONSTANT_STABLE_ANCHOR_LANE",IF(I6=Constants!$B$2/2,"CONSTANT_HALF_WRITE_LANE","CONSTANT_BOUND_LADDER_LANE"))) -> CONSTANT_STABLE_ANCHOR_LANE | U6: =IF(B6>=Constants!$B$8,"frontier",IF(AND(B6<=Constants!$B$14,B6<>Constants!$B$15,B6<>Constants!$B$16),"stable","radioactive")) -> stable | V6: =Constants!$B$9 -> 9.2669271 | W6: =B6*Constants!$B$9+(C6-B6)*Constants!$B$10 -> 46.334635 | X6: =W6*Constants!$B$5 -> 370.67708 | Y6: =W6*7 -> 324.34245 | Z6: ="shell "&P6&" occupancy "&R6&"/"&Q6 -> shell 2 occupancy 3/8 | AA6: ="closure" -> closure | AB6: ="A=Z+N="&B6&"+"&C6&"="&D6 -> 10 | AC6: ="SAM_CONSTANTS_ONLY_NO_FREE_INPUTS" -> SAM_CONSTANTS_ONLY_NO_FREE_INPUTS
A7: ="SOB"&B7 -> SOB6 | B7: =ROW()-1 -> 6 | C7: =B7+H7 -> 6 | D7: =B7+C7 -> 12 | E7: =INT((B7-1)/Constants!$B$2)+1 -> 1 | F7: =MOD(B7-1,Constants!$B$2)+1 -> 6 | G7: =MAX(0,E7-1) -> 0 | H7: =INT(B7*G7/Constants!$B$2) -> 0 | I7: =MOD(B7*G7,Constants!$B$2) -> 0 | J7: ="P_"&B7&","&D7 -> P_6,12 | K7: =B7&"p+"&C7&"n+"&B7&"e" -> 6p+6n+6e | L7: =2*B7+C7 -> 18 | M7: =B7+2*C7 -> 18 | N7: =B7 -> 6 | O7: =L7&"u+"&M7&"d+"&N7&"e" -> 18u+18d+6e | P7: =COUNTIF(Shells!$E$2:$E$9,"<"&B7)+1 -> 2 | Q7: =INDEX(Shells!$C$2:$C$9,P7) -> 8 | R7: =B7-IF(P7=1,0,INDEX(Shells!$E$2:$E$9,P7-1)) -> 4 | S7: =IF(R7=Q7,"CLOSED_SHELL","OPEN_SHELL") -> OPEN_SHELL | T7: =IF(B7>=Constants!$B$8,"CONSTANT_FRONTIER_TAIL_CANDIDATE",IF(I7=0,"CONSTANT_STABLE_ANCHOR_LANE",IF(I7=Constants!$B$2/2,"CONSTANT_HALF_WRITE_LANE","CONSTANT_BOUND_LADDER_LANE"))) -> CONSTANT_STABLE_ANCHOR_LANE | U7: =IF(B7>=Constants!$B$8,"frontier",IF(AND(B7<=Constants!$B$14,B7<>Constants!$B$15,B7<>Constants!$B$16),"stable","radioactive")) -> stable | V7: =Constants!$B$9 -> 9.2669271 | W7: =B7*Constants!$B$9+(C7-B7)*Constants!$B$10 -> 55.601562 | X7: =W7*Constants!$B$5 -> 444.8125 | Y7: =W7*7 -> 389.21094 | Z7: ="shell "&P7&" occupancy "&R7&"/"&Q7 -> shell 2 occupancy 4/8 | AA7: ="closure" -> closure | AB7: ="A=Z+N="&B7&"+"&C7&"="&D7 -> 12 | AC7: ="SAM_CONSTANTS_ONLY_NO_FREE_INPUTS" -> SAM_CONSTANTS_ONLY_NO_FREE_INPUTS
A8: ="SOB"&B8 -> SOB7 | B8: =ROW()-1 -> 7 | C8: =B8+H8 -> 7 | D8: =B8+C8 -> 14 | E8: =INT((B8-1)/Constants!$B$2)+1 -> 1 | F8: =MOD(B8-1,Constants!$B$2)+1 -> 7 | G8: =MAX(0,E8-1) -> 0 | H8: =INT(B8*G8/Constants!$B$2) -> 0 | I8: =MOD(B8*G8,Constants!$B$2) -> 0 | J8: ="P_"&B8&","&D8 -> P_7,14 | K8: =B8&"p+"&C8&"n+"&B8&"e" -> 7p+7n+7e | L8: =2*B8+C8 -> 21 | M8: =B8+2*C8 -> 21 | N8: =B8 -> 7 | O8: =L8&"u+"&M8&"d+"&N8&"e" -> 21u+21d+7e | P8: =COUNTIF(Shells!$E$2:$E$9,"<"&B8)+1 -> 2 | Q8: =INDEX(Shells!$C$2:$C$9,P8) -> 8 | R8: =B8-IF(P8=1,0,INDEX(Shells!$E$2:$E$9,P8-1)) -> 5 | S8: =IF(R8=Q8,"CLOSED_SHELL","OPEN_SHELL") -> OPEN_SHELL | T8: =IF(B8>=Constants!$B$8,"CONSTANT_FRONTIER_TAIL_CANDIDATE",IF(I8=0,"CONSTANT_STABLE_ANCHOR_LANE",IF(I8=Constants!$B$2/2,"CONSTANT_HALF_WRITE_LANE","CONSTANT_BOUND_LADDER_LANE"))) -> CONSTANT_STABLE_ANCHOR_LANE | U8: =IF(B8>=Constants!$B$8,"frontier",IF(AND(B8<=Constants!$B$14,B8<>Constants!$B$15,B8<>Constants!$B$16),"stable","radioactive")) -> stable | V8: =Constants!$B$9 -> 9.2669271 | W8: =B8*Constants!$B$9+(C8-B8)*Constants!$B$10 -> 64.86849 | X8: =W8*Constants!$B$5 -> 518.94792 | Y8: =W8*7 -> 454.07943 | Z8: ="shell "&P8&" occupancy "&R8&"/"&Q8 -> shell 2 occupancy 5/8 | AA8: ="closure" -> closure | AB8: ="A=Z+N="&B8&"+"&C8&"="&D8 -> 14 | AC8: ="SAM_CONSTANTS_ONLY_NO_FREE_INPUTS" -> SAM_CONSTANTS_ONLY_NO_FREE_INPUTS
A9: ="SOB"&B9 -> SOB8 | B9: =ROW()-1 -> 8 | C9: =B9+H9 -> 8 | D9: =B9+C9 -> 16 | E9: =INT((B9-1)/Constants!$B$2)+1 -> 1 | F9: =MOD(B9-1,Constants!$B$2)+1 -> 8 | G9: =MAX(0,E9-1) -> 0 | H9: =INT(B9*G9/Constants!$B$2) -> 0 | I9: =MOD(B9*G9,Constants!$B$2) -> 0 | J9: ="P_"&B9&","&D9 -> P_8,16 | K9: =B9&"p+"&C9&"n+"&B9&"e" -> 8p+8n+8e | L9: =2*B9+C9 -> 24 | M9: =B9+2*C9 -> 24 | N9: =B9 -> 8 | O9: =L9&"u+"&M9&"d+"&N9&"e" -> 24u+24d+8e | P9: =COUNTIF(Shells!$E$2:$E$9,"<"&B9)+1 -> 2 | Q9: =INDEX(Shells!$C$2:$C$9,P9) -> 8 | R9: =B9-IF(P9=1,0,INDEX(Shells!$E$2:$E$9,P9-1)) -> 6 | S9: =IF(R9=Q9,"CLOSED_SHELL","OPEN_SHELL") -> OPEN_SHELL | T9: =IF(B9>=Constants!$B$8,"CONSTANT_FRONTIER_TAIL_CANDIDATE",IF(I9=0,"CONSTANT_STABLE_ANCHOR_LANE",IF(I9=Constants!$B$2/2,"CONSTANT_HALF_WRITE_LANE","CONSTANT_BOUND_LADDER_LANE"))) -> CONSTANT_STABLE_ANCHOR_LANE | U9: =IF(B9>=Constants!$B$8,"frontier",IF(AND(B9<=Constants!$B$14,B9<>Constants!$B$15,B9<>Constants!$B$16),"stable","radioactive")) -> stable | V9: =Constants!$B$9 -> 9.2669271 | W9: =B9*Constants!$B$9+(C9-B9)*Constants!$B$10 -> 74.135417 | X9: =W9*Constants!$B$5 -> 593.08333 | Y9: =W9*7 -> 518.94792 | Z9: ="shell "&P9&" occupancy "&R9&"/"&Q9 -> shell 2 occupancy 6/8 | AA9: ="closure" -> closure | AB9: ="A=Z+N="&B9&"+"&C9&"="&D9 -> 16 | AC9: ="SAM_CONSTANTS_ONLY_NO_FREE_INPUTS" -> SAM_CONSTANTS_ONLY_NO_FREE_INPUTS
A10: ="SOB"&B10 -> SOB9 | B10: =ROW()-1 -> 9 | C10: =B10+H10 -> 9 | D10: =B10+C10 -> 18 | E10: =INT((B10-1)/Constants!$B$2)+1 -> 1 | F10: =MOD(B10-1,Constants!$B$2)+1 -> 9 | G10: =MAX(0,E10-1) -> 0 | H10: =INT(B10*G10/Constants!$B$2) -> 0 | I10: =MOD(B10*G10,Constants!$B$2) -> 0 | J10: ="P_"&B10&","&D10 -> P_9,18 | K10: =B10&"p+"&C10&"n+"&B10&"e" -> 9p+9n+9e | L10: =2*B10+C10 -> 27 | M10: =B10+2*C10 -> 27 | N10: =B10 -> 9 | O10: =L10&"u+"&M10&"d+"&N10&"e" -> 27u+27d+9e | P10: =COUNTIF(Shells!$E$2:$E$9,"<"&B10)+1 -> 2 | Q10: =INDEX(Shells!$C$2:$C$9,P10) -> 8 | R10: =B10-IF(P10=1,0,INDEX(Shells!$E$2:$E$9,P10-1)) -> 7 | S10: =IF(R10=Q10,"CLOSED_SHELL","OPEN_SHELL") -> OPEN_SHELL | T10: =IF(B10>=Constants!$B$8,"CONSTANT_FRONTIER_TAIL_CANDIDATE",IF(I10=0,"CONSTANT_STABLE_ANCHOR_LANE",IF(I10=Constants!$B$2/2,"CONSTANT_HALF_WRITE_LANE","CONSTANT_BOUND_LADDER_LANE"))) -> CONSTANT_STABLE_ANCHOR_LANE | U10: =IF(B10>=Constants!$B$8,"frontier",IF(AND(B10<=Constants!$B$14,B10<>Constants!$B$15,B10<>Constants!$B$16),"stable","radioactive")) -> stable | V10: =Constants!$B$9 -> 9.2669271 | W10: =B10*Constants!$B$9+(C10-B10)*Constants!$B$10 -> 83.402344 | X10: =W10*Constants!$B$5 -> 667.21875 | Y10: =W10*7 -> 583.81641 | Z10: ="shell "&P10&" occupancy "&R10&"/"&Q10 -> shell 2 occupancy 7/8 | AA10: ="closure" -> closure | AB10: ="A=Z+N="&B10&"+"&C10&"="&D10 -> 18 | AC10: ="SAM_CONSTANTS_ONLY_NO_FREE_INPUTS" -> SAM_CONSTANTS_ONLY_NO_FREE_INPUTS
A11: ="SOB"&B11 -> SOB10 | B11: =ROW()-1 -> 10 | C11: =B11+H11 -> 10 | D11: =B11+C11 -> 20 | E11: =INT((B11-1)/Constants!$B$2)+1 -> 1 | F11: =MOD(B11-1,Constants!$B$2)+1 -> 10 | G11: =MAX(0,E11-1) -> 0 | H11: =INT(B11*G11/Constants!$B$2) -> 0 | I11: =MOD(B11*G11,Constants!$B$2) -> 0 | J11: ="P_"&B11&","&D11 -> P_10,20 | K11: =B11&"p+"&C11&"n+"&B11&"e" -> 10p+10n+10e | L11: =2*B11+C11 -> 30 | M11: =B11+2*C11 -> 30 | N11: =B11 -> 10 | O11: =L11&"u+"&M11&"d+"&N11&"e" -> 30u+30d+10e | P11: =COUNTIF(Shells!$E$2:$E$9,"<"&B11)+1 -> 2 | Q11: =INDEX(Shells!$C$2:$C$9,P11) -> 8 | R11: =B11-IF(P11=1,0,INDEX(Shells!$E$2:$E$9,P11-1)) -> 8 | S11: =IF(R11=Q11,"CLOSED_SHELL","OPEN_SHELL") -> CLOSED_SHELL | T11: =IF(B11>=Constants!$B$8,"CONSTANT_FRONTIER_TAIL_CANDIDATE",IF(I11=0,"CONSTANT_STABLE_ANCHOR_LANE",IF(I11=Constants!$B$2/2,"CONSTANT_HALF_WRITE_LANE","CONSTANT_BOUND_LADDER_LANE"))) -> CONSTANT_STABLE_ANCHOR_LANE | U11: =IF(B11>=Constants!$B$8,"frontier",IF(AND(B11<=Constants!$B$14,B11<>Constants!$B$15,B11<>Constants!$B$16),"stable","radioactive")) -> stable | V11: =Constants!$B$9 -> 9.2669271 | W11: =B11*Constants!$B$9+(C11-B11)*Constants!$B$10 -> 92.669271 | X11: =W11*Constants!$B$5 -> 741.35417 | Y11: =W11*7 -> 648.6849 | Z11: ="shell "&P11&" occupancy "&R11&"/"&Q11 -> shell 2 occupancy 8/8 | AA11: ="closure" -> closure | AB11: ="A=Z+N="&B11&"+"&C11&"="&D11 -> 20 | AC11: ="SAM_CONSTANTS_ONLY_NO_FREE_INPUTS" -> SAM_CONSTANTS_ONLY_NO_FREE_INPUTS
A12: ="SOB"&B12 -> SOB11 | B12: =ROW()-1 -> 11 | C12: =B12+H12 -> 11 | D12: =B12+C12 -> 22 | E12: =INT((B12-1)/Constants!$B$2)+1 -> 1 | F12: =MOD(B12-1,Constants!$B$2)+1 -> 11 | G12: =MAX(0,E12-1) -> 0 | H12: =INT(B12*G12/Constants!$B$2) -> 0 | I12: =MOD(B12*G12,Constants!$B$2) -> 0 | J12: ="P_"&B12&","&D12 -> P_11,22 | K12: =B12&"p+"&C12&"n+"&B12&"e" -> 11p+11n+11e | L12: =2*B12+C12 -> 33 | M12: =B12+2*C12 -> 33 | N12: =B12 -> 11 | O12: =L12&"u+"&M12&"d+"&N12&"e" -> 33u+33d+11e | P12: =COUNTIF(Shells!$E$2:$E$9,"<"&B12)+1 -> 3 | Q12: =INDEX(Shells!$C$2:$C$9,P12) -> 18 | R12: =B12-IF(P12=1,0,INDEX(Shells!$E$2:$E$9,P12-1)) -> 1 | S12: =IF(R12=Q12,"CLOSED_SHELL","OPEN_SHELL") -> OPEN_SHELL | T12: =IF(B12>=Constants!$B$8,"CONSTANT_FRONTIER_TAIL_CANDIDATE",IF(I12=0,"CONSTANT_STABLE_ANCHOR_LANE",IF(I12=Constants!$B$2/2,"CONSTANT_HALF_WRITE_LANE","CONSTANT_BOUND_LADDER_LANE"))) -> CONSTANT_STABLE_ANCHOR_LANE | U12: =IF(B12>=Constants!$B$8,"frontier",IF(AND(B12<=Constants!$B$14,B12<>Constants!$B$15,B12<>Constants!$B$16),"stable","radioactive")) -> stable | V12: =Constants!$B$9 -> 9.2669271 | W12: =B12*Constants!$B$9+(C12-B12)*Constants!$B$10 -> 101.9362 | X12: =W12*Constants!$B$5 -> 815.48958 | Y12: =W12*7 -> 713.55339 | Z12: ="shell "&P12&" occupancy "&R12&"/"&Q12 -> shell 3 occupancy 1/18 | AA12: ="closure" -> closure | AB12: ="A=Z+N="&B12&"+"&C12&"="&D12 -> 22 | AC12: ="SAM_CONSTANTS_ONLY_NO_FREE_INPUTS" -> SAM_CONSTANTS_ONLY_NO_FREE_INPUTS
A13: ="SOB"&B13 -> SOB12 | B13: =ROW()-1 -> 12 | C13: =B13+H13 -> 12 | D13: =B13+C13 -> 24 | E13: =INT((B13-1)/Constants!$B$2)+1 -> 1 | F13: =MOD(B13-1,Constants!$B$2)+1 -> 12 | G13: =MAX(0,E13-1) -> 0 | H13: =INT(B13*G13/Constants!$B$2) -> 0 | I13: =MOD(B13*G13,Constants!$B$2) -> 0 | J13: ="P_"&B13&","&D13 -> P_12,24 | K13: =B13&"p+"&C13&"n+"&B13&"e" -> 12p+12n+12e | L13: =2*B13+C13 -> 36 | M13: =B13+2*C13 -> 36 | N13: =B13 -> 12 | O13: =L13&"u+"&M13&"d+"&N13&"e" -> 36u+36d+12e | P13: =COUNTIF(Shells!$E$2:$E$9,"<"&B13)+1 -> 3 | Q13: =INDEX(Shells!$C$2:$C$9,P13) -> 18 | R13: =B13-IF(P13=1,0,INDEX(Shells!$E$2:$E$9,P13-1)) -> 2 | S13: =IF(R13=Q13,"CLOSED_SHELL","OPEN_SHELL") -> OPEN_SHELL | T13: =IF(B13>=Constants!$B$8,"CONSTANT_FRONTIER_TAIL_CANDIDATE",IF(I13=0,"CONSTANT_STABLE_ANCHOR_LANE",IF(I13=Constants!$B$2/2,"CONSTANT_HALF_WRITE_LANE","CONSTANT_BOUND_LADDER_LANE"))) -> CONSTANT_STABLE_ANCHOR_LANE | U13: =IF(B13>=Constants!$B$8,"frontier",IF(AND(B13<=Constants!$B$14,B13<>Constants!$B$15,B13<>Constants!$B$16),"stable","radioactive")) -> stable | V13: =Constants!$B$9 -> 9.2669271 | W13: =B13*Constants!$B$9+(C13-B13)*Constants!$B$10 -> 111.20312 | X13: =W13*Constants!$B$5 -> 889.625 | Y13: =W13*7 -> 778.42188 | Z13: ="shell "&P13&" occupancy "&R13&"/"&Q13 -> shell 3 occupancy 2/18 | AA13: ="closure" -> closure | AB13: ="A=Z+N="&B13&"+"&C13&"="&D13 -> 24 | AC13: ="SAM_CONSTANTS_ONLY_NO_FREE_INPUTS" -> SAM_CONSTANTS_ONLY_NO_FREE_INPUTS
... A127: ="SOB"&B127 -> SOB126 | B127: =ROW()-1 -> 126 | C127: =B127+H127 -> 231 | D127: =B127+C127 -> 357 | E127: =INT((B127-1)/Constants!$B$2)+1 -> 11 | F127: =MOD(B127-1,Constants!$B$2)+1 -> 6 | G127: =MAX(0,E127-1) -> 10 | H127: =INT(B127*G127/Constants!$B$2) -> 105 | I127: =MOD(B127*G127,Constants!$B$2) -> 0 | J127: ="P_"&B127&","&D127 -> P_126,357 | K127: =B127&"p+"&C127&"n+"&B127&"e" -> 126p+231n+126e | L127: =2*B127+C127 -> 483 | M127: =B127+2*C127 -> 588 | N127: =B127 -> 126 | O127: =L127&"u+"&M127&"d+"&N127&"e" -> 483u+588d+126e | P127: =COUNTIF(Shells!$E$2:$E$9,"<"&B127)+1 -> 8 | Q127: =INDEX(Shells!$C$2:$C$9,P127) -> 8 | R127: =B127-IF(P127=1,0,INDEX(Shells!$E$2:$E$9,P127-1)) -> 8 | S127: =IF(R127=Q127,"CLOSED_SHELL","OPEN_SHELL") -> CLOSED_SHELL | T127: =IF(B127>=Constants!$B$8,"CONSTANT_FRONTIER_TAIL_CANDIDATE",IF(I127=0,"CONSTANT_STABLE_ANCHOR_LANE",IF(I127=Constants!$B$2/2,"CONSTANT_HALF_WRITE_LANE","CONSTANT_BOUND_LADDER_LANE"))) -> CONSTANT_FRONTIER_TAIL_CANDIDATE | U127: =IF(B127>=Constants!$B$8,"frontier",IF(AND(B127<=Constants!$B$14,B127<>Constants!$B$15,B127<>Constants!$B$16),"stable","radioactive")) -> frontier | V127: =Constants!$B$9 -> 9.2669271 | W127: =B127*Constants!$B$9+(C127-B127)*Constants!$B$10 -> 1169.2734 | X127: =W127*Constants!$B$5 -> 9354.1875 | Y127: =W127*7 -> 8184.9141 | Z127: ="shell "&P127&" occupancy "&R127&"/"&Q127 -> shell 8 occupancy 8/8 | AA127: ="closure" -> closure | AB127: ="A=Z+N="&B127&"+"&C127&"="&D127 -> 357 | AC127: ="SAM_CONSTANTS_ONLY_NO_FREE_INPUTS" -> SAM_CONSTANTS_ONLY_NO_FREE_INPUTS

Sheet Card_Payloads_126
A1: sob_id | B1: card_title_native | C1: element_face | D1: matter_face_native | E1: clock_face | F1: light_face | G1: action_face | H1: P_subscript | I1: P_address | J1: quark_address | K1: kernel_line_1 | L1: kernel_line_2 | M1: kernel_line_3 | N1: bottom_A_line | O1: reveal_name | P1: reveal_symbol | Q1: matter_reference_mass
A2: =SOB_126!A2 -> SOB1 | B2: =SOB_126!A2 -> SOB1 | C2: ="E Z="&SOB_126!B2 -> E Z=1 | D2: ="A="&SOB_126!D2 -> A=2 | E2: =SOB_126!U2 -> stable | F2: =SOB_126!Z2 -> shell 1 occupancy 1/2 | G2: =SOB_126!AA2 -> closure | H2: =SOB_126!J2 -> P_1,2 | I2: =SOB_126!K2 -> 1p+1n+1e | J2: =SOB_126!O2 -> 3u+3d+1e | K2: ="G(P)="&TEXT(SOB_126!W2,"0.000000") -> G(P)=9.266927 | L2: ="GR(P)=8G(P)="&TEXT(SOB_126!X2,"0.000000") -> GR(P)=8G(P)=74.135417 | M2: ="GR(P)=7G(P)+G(P)" -> GR(P)=7G(P)+G(P) | N2: =SOB_126!AB2 -> 2
A3: =SOB_126!A3 -> SOB2 | B3: =SOB_126!A3 -> SOB2 | C3: ="E Z="&SOB_126!B3 -> E Z=2 | D3: ="A="&SOB_126!D3 -> A=4 | E3: =SOB_126!U3 -> stable | F3: =SOB_126!Z3 -> shell 1 occupancy 2/2 | G3: =SOB_126!AA3 -> closure | H3: =SOB_126!J3 -> P_2,4 | I3: =SOB_126!K3 -> 2p+2n+2e | J3: =SOB_126!O3 -> 6u+6d+2e | K3: ="G(P)="&TEXT(SOB_126!W3,"0.000000") -> G(P)=18.533854 | L3: ="GR(P)=8G(P)="&TEXT(SOB_126!X3,"0.000000") -> GR(P)=8G(P)=148.270833 | M3: ="GR(P)=7G(P)+G(P)" -> GR(P)=7G(P)+G(P) | N3: =SOB_126!AB3 -> 4
A4: =SOB_126!A4 -> SOB3 | B4: =SOB_126!A4 -> SOB3 | C4: ="E Z="&SOB_126!B4 -> E Z=3 | D4: ="A="&SOB_126!D4 -> A=6 | E4: =SOB_126!U4 -> stable | F4: =SOB_126!Z4 -> shell 2 occupancy 1/8 | G4: =SOB_126!AA4 -> closure | H4: =SOB_126!J4 -> P_3,6 | I4: =SOB_126!K4 -> 3p+3n+3e | J4: =SOB_126!O4 -> 9u+9d+3e | K4: ="G(P)="&TEXT(SOB_126!W4,"0.000000") -> G(P)=27.800781 | L4: ="GR(P)=8G(P)="&TEXT(SOB_126!X4,"0.000000") -> GR(P)=8G(P)=222.40625 | M4: ="GR(P)=7G(P)+G(P)" -> GR(P)=7G(P)+G(P) | N4: =SOB_126!AB4 -> 6
A5: =SOB_126!A5 -> SOB4 | B5: =SOB_126!A5 -> SOB4 | C5: ="E Z="&SOB_126!B5 -> E Z=4 | D5: ="A="&SOB_126!D5 -> A=8 | E5: =SOB_126!U5 -> stable | F5: =SOB_126!Z5 -> shell 2 occupancy 2/8 | G5: =SOB_126!AA5 -> closure | H5: =SOB_126!J5 -> P_4,8 | I5: =SOB_126!K5 -> 4p+4n+4e | J5: =SOB_126!O5 -> 12u+12d+4e | K5: ="G(P)="&TEXT(SOB_126!W5,"0.000000") -> G(P)=37.067708 | L5: ="GR(P)=8G(P)="&TEXT(SOB_126!X5,"0.000000") -> GR(P)=8G(P)=296.541667 | M5: ="GR(P)=7G(P)+G(P)" -> GR(P)=7G(P)+G(P) | N5: =SOB_126!AB5 -> 8
A6: =SOB_126!A6 -> SOB5 | B6: =SOB_126!A6 -> SOB5 | C6: ="E Z="&SOB_126!B6 -> E Z=5 | D6: ="A="&SOB_126!D6 -> A=10 | E6: =SOB_126!U6 -> stable | F6: =SOB_126!Z6 -> shell 2 occupancy 3/8 | G6: =SOB_126!AA6 -> closure | H6: =SOB_126!J6 -> P_5,10 | I6: =SOB_126!K6 -> 5p+5n+5e | J6: =SOB_126!O6 -> 15u+15d+5e | K6: ="G(P)="&TEXT(SOB_126!W6,"0.000000") -> G(P)=46.334635 | L6: ="GR(P)=8G(P)="&TEXT(SOB_126!X6,"0.000000") -> GR(P)=8G(P)=370.677083 | M6: ="GR(P)=7G(P)+G(P)" -> GR(P)=7G(P)+G(P) | N6: =SOB_126!AB6 -> 10
A7: =SOB_126!A7 -> SOB6 | B7: =SOB_126!A7 -> SOB6 | C7: ="E Z="&SOB_126!B7 -> E Z=6 | D7: ="A="&SOB_126!D7 -> A=12 | E7: =SOB_126!U7 -> stable | F7: =SOB_126!Z7 -> shell 2 occupancy 4/8 | G7: =SOB_126!AA7 -> closure | H7: =SOB_126!J7 -> P_6,12 | I7: =SOB_126!K7 -> 6p+6n+6e | J7: =SOB_126!O7 -> 18u+18d+6e | K7: ="G(P)="&TEXT(SOB_126!W7,"0.000000") -> G(P)=55.601562 | L7: ="GR(P)=8G(P)="&TEXT(SOB_126!X7,"0.000000") -> GR(P)=8G(P)=444.8125 | M7: ="GR(P)=7G(P)+G(P)" -> GR(P)=7G(P)+G(P) | N7: =SOB_126!AB7 -> 12
A8: =SOB_126!A8 -> SOB7 | B8: =SOB_126!A8 -> SOB7 | C8: ="E Z="&SOB_126!B8 -> E Z=7 | D8: ="A="&SOB_126!D8 -> A=14 | E8: =SOB_126!U8 -> stable | F8: =SOB_126!Z8 -> shell 2 occupancy 5/8 | G8: =SOB_126!AA8 -> closure | H8: =SOB_126!J8 -> P_7,14 | I8: =SOB_126!K8 -> 7p+7n+7e | J8: =SOB_126!O8 -> 21u+21d+7e | K8: ="G(P)="&TEXT(SOB_126!W8,"0.000000") -> G(P)=64.86849 | L8: ="GR(P)=8G(P)="&TEXT(SOB_126!X8,"0.000000") -> GR(P)=8G(P)=518.947917 | M8: ="GR(P)=7G(P)+G(P)" -> GR(P)=7G(P)+G(P) | N8: =SOB_126!AB8 -> 14
A9: =SOB_126!A9 -> SOB8 | B9: =SOB_126!A9 -> SOB8 | C9: ="E Z="&SOB_126!B9 -> E Z=8 | D9: ="A="&SOB_126!D9 -> A=16 | E9: =SOB_126!U9 -> stable | F9: =SOB_126!Z9 -> shell 2 occupancy 6/8 | G9: =SOB_126!AA9 -> closure | H9: =SOB_126!J9 -> P_8,16 | I9: =SOB_126!K9 -> 8p+8n+8e | J9: =SOB_126!O9 -> 24u+24d+8e | K9: ="G(P)="&TEXT(SOB_126!W9,"0.000000") -> G(P)=74.135417 | L9: ="GR(P)=8G(P)="&TEXT(SOB_126!X9,"0.000000") -> GR(P)=8G(P)=593.083333 | M9: ="GR(P)=7G(P)+G(P)" -> GR(P)=7G(P)+G(P) | N9: =SOB_126!AB9 -> 16
A10: =SOB_126!A10 -> SOB9 | B10: =SOB_126!A10 -> SOB9 | C10: ="E Z="&SOB_126!B10 -> E Z=9 | D10: ="A="&SOB_126!D10 -> A=18 | E10: =SOB_126!U10 -> stable | F10: =SOB_126!Z10 -> shell 2 occupancy 7/8 | G10: =SOB_126!AA10 -> closure | H10: =SOB_126!J10 -> P_9,18 | I10: =SOB_126!K10 -> 9p+9n+9e | J10: =SOB_126!O10 -> 27u+27d+9e | K10: ="G(P)="&TEXT(SOB_126!W10,"0.000000") -> G(P)=83.402344 | L10: ="GR(P)=8G(P)="&TEXT(SOB_126!X10,"0.000000") -> GR(P)=8G(P)=667.21875 | M10: ="GR(P)=7G(P)+G(P)" -> GR(P)=7G(P)+G(P) | N10: =SOB_126!AB10 -> 18
A11: =SOB_126!A11 -> SOB10 | B11: =SOB_126!A11 -> SOB10 | C11: ="E Z="&SOB_126!B11 -> E Z=10 | D11: ="A="&SOB_126!D11 -> A=20 | E11: =SOB_126!U11 -> stable | F11: =SOB_126!Z11 -> shell 2 occupancy 8/8 | G11: =SOB_126!AA11 -> closure | H11: =SOB_126!J11 -> P_10,20 | I11: =SOB_126!K11 -> 10p+10n+10e | J11: =SOB_126!O11 -> 30u+30d+10e | K11: ="G(P)="&TEXT(SOB_126!W11,"0.000000") -> G(P)=92.669271 | L11: ="GR(P)=8G(P)="&TEXT(SOB_126!X11,"0.000000") -> GR(P)=8G(P)=741.354167 | M11: ="GR(P)=7G(P)+G(P)" -> GR(P)=7G(P)+G(P) | N11: =SOB_126!AB11 -> 20
A12: =SOB_126!A12 -> SOB11 | B12: =SOB_126!A12 -> SOB11 | C12: ="E Z="&SOB_126!B12 -> E Z=11 | D12: ="A="&SOB_126!D12 -> A=22 | E12: =SOB_126!U12 -> stable | F12: =SOB_126!Z12 -> shell 3 occupancy 1/18 | G12: =SOB_126!AA12 -> closure | H12: =SOB_126!J12 -> P_11,22 | I12: =SOB_126!K12 -> 11p+11n+11e | J12: =SOB_126!O12 -> 33u+33d+11e | K12: ="G(P)="&TEXT(SOB_126!W12,"0.000000") -> G(P)=101.936198 | L12: ="GR(P)=8G(P)="&TEXT(SOB_126!X12,"0.000000") -> GR(P)=8G(P)=815.489583 | M12: ="GR(P)=7G(P)+G(P)" -> GR(P)=7G(P)+G(P) | N12: =SOB_126!AB12 -> 22
A13: =SOB_126!A13 -> SOB12 | B13: =SOB_126!A13 -> SOB12 | C13: ="E Z="&SOB_126!B13 -> E Z=12 | D13: ="A="&SOB_126!D13 -> A=24 | E13: =SOB_126!U13 -> stable | F13: =SOB_126!Z13 -> shell 3 occupancy 2/18 | G13: =SOB_126!AA13 -> closure | H13: =SOB_126!J13 -> P_12,24 | I13: =SOB_126!K13 -> 12p+12n+12e | J13: =SOB_126!O13 -> 36u+36d+12e | K13: ="G(P)="&TEXT(SOB_126!W13,"0.000000") -> G(P)=111.203125 | L13: ="GR(P)=8G(P)="&TEXT(SOB_126!X13,"0.000000") -> GR(P)=8G(P)=889.625 | M13: ="GR(P)=7G(P)+G(P)" -> GR(P)=7G(P)+G(P) | N13: =SOB_126!AB13 -> 24
... A127: =SOB_126!A127 -> SOB126 | B127: =SOB_126!A127 -> SOB126 | C127: ="E Z="&SOB_126!B127 -> E Z=126 | D127: ="A="&SOB_126!D127 -> A=357 | E127: =SOB_126!U127 -> frontier | F127: =SOB_126!Z127 -> shell 8 occupancy 8/8 | G127: =SOB_126!AA127 -> closure | H127: =SOB_126!J127 -> P_126,357 | I127: =SOB_126!K127 -> 126p+231n+126e | J127: =SOB_126!O127 -> 483u+588d+126e | K127: ="G(P)="&TEXT(SOB_126!W127,"0.000000") -> G(P)=1169.273438 | L127: ="GR(P)=8G(P)="&TEXT(SOB_126!X127,"0.000000") -> GR(P)=8G(P)=9354.1875 | M127: ="GR(P)=7G(P)+G(P)" -> GR(P)=7G(P)+G(P) | N127: =SOB_126!AB127 -> 357

Sheet Formula_Map
A1: sheet | B1: range | C1: purpose | D1: formula_example
A2: Constants | B2: B2:B17 | C2: sealed constants and derived CR225 clock terms | D2: =2^B3; =B6/B5; =B13-B4
A3: Hidden_Set | B3: A2:E14 | C3: derive H from alpha_H^a * D^b <= R | D3: =Constants!$B$4^A2*Constants!$B$3^B2
A4: Shells | B4: B2:E9 | C4: derive shell path and capacities | D4: =2*B2^2
A5: SOB_126 | B5: A2:AC127 | C5: derive all 126 SOB rows, P addresses, G/GR, and CLOCK prediction | D5: =IF(AND(B2<=Constants!$B$14,B2<>Constants!$B$15,B2<>Constants!$B$16),"stable","radioactive")
A6: Card_Payloads_126 | B6: A2:Q127 | C6: derive card-facing text fields without reveal labels | D6: ="GR(P)=8G(P)="&TEXT(SOB_126!X2,"0.000000")
A7: Checks | B7: B2:E16 | C7: formula checks for counts and Z79 readout | D7: =COUNTIF(SOB_126!U2:U127,"stable")

Sheet Checks
A1: check | B1: formula_result | C1: formula | D1: expected | E1: status
A2: native_capacity | B2: =Constants!B7 -> 126 | C2: =Constants!B7 | D2: 126 | E2: =IF(B2=D2,"PASS","FAIL") -> PASS
A3: hidden_sum_H | B3: =Constants!B13 -> 45 | C3: =Constants!B13 | D3: 45 | E3: =IF(B3=D3,"PASS","FAIL") -> PASS
A4: clock_boundary | B4: =Constants!B14 -> 83 | C4: =Constants!B14 | D4: 83 | E4: =IF(B4=D4,"PASS","FAIL") -> PASS
A5: clock_hole_1 | B5: =Constants!B15 -> 43 | C5: =Constants!B15 | D5: 43 | E5: =IF(B5=D5,"PASS","FAIL") -> PASS
A6: clock_hole_2 | B6: =Constants!B16 -> 61 | C6: =Constants!B16 | D6: 61 | E6: =IF(B6=D6,"PASS","FAIL") -> PASS
A7: sob_rows | B7: =COUNTA(SOB_126!B2:B127) -> 126 | C7: =COUNTA(SOB_126!B2:B127) | D7: 126 | E7: =IF(B7=D7,"PASS","FAIL") -> PASS
A8: clock_stable_count | B8: =COUNTIF(SOB_126!U2:U127,"stable") -> 81 | C8: =COUNTIF(SOB_126!U2:U127,"stable") | D8: 81 | E8: =IF(B8=D8,"PASS","FAIL") -> PASS
A9: clock_radioactive_count | B9: =COUNTIF(SOB_126!U2:U127,"radioactive") -> 37 | C9: =COUNTIF(SOB_126!U2:U127,"radioactive") | D9: 37 | E9: =IF(B9=D9,"PASS","FAIL") -> PASS
A10: clock_frontier_count | B10: =COUNTIF(SOB_126!U2:U127,"frontier") -> 8 | C10: =COUNTIF(SOB_126!U2:U127,"frontier") | D10: 8 | E10: =IF(B10=D10,"PASS","FAIL") -> PASS
A11: closed_shell_count | B11: =COUNTIF(SOB_126!S2:S127,"CLOSED_SHELL") -> 8 | C11: =COUNTIF(SOB_126!S2:S127,"CLOSED_SHELL") | D11: 8 | E11: =IF(B11=D11,"PASS","FAIL") -> PASS
A12: z79_N | B12: =INDEX(SOB_126!C2:C127,79) -> 118 | C12: =INDEX(SOB_126!C2:C127,79) | D12: 118 | E12: =IF(B12=D12,"PASS","FAIL") -> PASS
A13: z79_A | B13: =INDEX(SOB_126!D2:D127,79) -> 197 | C13: =INDEX(SOB_126!D2:D127,79) | D13: 197 | E13: =IF(B13=D13,"PASS","FAIL") -> PASS
A14: z79_clock | B14: =INDEX(SOB_126!U2:U127,79) -> stable | C14: =INDEX(SOB_126!U2:U127,79) | D14: stable | E14: =IF(B14=D14,"PASS","FAIL") -> PASS
A15: z79_P | B15: =INDEX(SOB_126!K2:K127,79) -> 79p+118n+79e | C15: =INDEX(SOB_126!K2:K127,79) | D15: 79p+118n+79e | E15: =IF(B15=D15,"PASS","FAIL") -> PASS
A16: reveal_fields_blank | B16: =COUNTA(Card_Payloads_126!O2:Q127) -> 0 | C16: =COUNTA(Card_Payloads_126!O2:Q127) | D16: 0 | E16: =IF(B16=D16,"PASS","FAIL") -> PASS
